benchmark,dataset_size,clock_period,mem_policy,dsp_coeff,opt_level,control_steps,min_slack,frequency_mhz,states,modules_instantiated,performance_conflicts,flipflops,area_est,mux_area,total_area,registers
2mm,MEDIUM,10,ALL_BRAM,1.0,O0,57,0.0363999969999984,100.3653297702541,57,295,19,1170,7232,208,7440,37
2mm,MEDIUM,10,ALL_BRAM,1.0,O2,117,0.0363999969999984,100.3653297702541,115,412,273,1615,8132,312,8444,53
2mm,MEDIUM,10,ALL_BRAM,1.0,O3,164,0.0363999969999984,100.3653297702541,162,582,503,2607,9053,548,9601,93
2mm,MEDIUM,10,ALL_BRAM,1.75,O0,65,0.0170666606666802,100.17095837552512,65,295,19,1170,7232,208,7440,37
2mm,MEDIUM,10,ALL_BRAM,1.75,O2,137,0.0170666606666802,100.17095837552512,135,412,273,1615,8132,312,8444,53
2mm,MEDIUM,10,ALL_BRAM,1.75,O3,194,0.0170666606666802,100.17095837552512,192,582,503,2607,9053,548,9601,93
2mm,MEDIUM,10,LSS,1.0,O0,57,0.0363999969999984,100.3653297702541,66,295,33,1234,7366,242,7608,39
2mm,MEDIUM,10,LSS,1.0,O2,114,0.0363999969999984,100.3653297702541,131,412,260,1743,8400,446,8846,57
2mm,MEDIUM,10,LSS,1.0,O3,165,0.0363999969999984,100.3653297702541,193,584,478,2800,9389,683,10072,100
2mm,MEDIUM,10,LSS,1.75,O0,65,0.0170666606666802,100.17095837552512,74,295,33,1234,7366,242,7608,39
2mm,MEDIUM,10,LSS,1.75,O2,134,0.0170666606666802,100.17095837552512,151,412,260,1743,8400,446,8846,57
2mm,MEDIUM,10,LSS,1.75,O3,195,0.0170666606666802,100.17095837552512,223,584,478,2800,9389,683,10072,100
2mm,MEDIUM,15,ALL_BRAM,1.0,O0,44,0.0494726426666236,66.887272676003,44,296,11,1106,7232,243,7475,35
2mm,MEDIUM,15,ALL_BRAM,1.0,O2,87,0.0494726426666236,66.887272676003,85,412,128,1487,8132,377,8509,49
2mm,MEDIUM,15,ALL_BRAM,1.0,O3,122,0.0494726426666236,66.887272676003,120,584,164,2415,9121,517,9638,87
2mm,MEDIUM,15,ALL_BRAM,1.75,O0,44,0.0494726426666236,66.887272676003,44,296,11,1106,7232,243,7475,35
2mm,MEDIUM,15,ALL_BRAM,1.75,O2,87,0.0494726426666236,66.887272676003,85,412,128,1487,8132,377,8509,49
2mm,MEDIUM,15,ALL_BRAM,1.75,O3,122,0.0494726426666236,66.887272676003,120,584,164,2415,9121,517,9638,87
2mm,MEDIUM,15,LSS,1.0,O0,45,0.0494726426666236,66.887272676003,52,296,0,1234,7500,276,7776,39
2mm,MEDIUM,15,LSS,1.0,O2,84,0.0494726426666236,66.887272676003,97,412,6,1743,8400,445,8845,57
2mm,MEDIUM,15,LSS,1.0,O3,125,0.0494726426666236,66.887272676003,149,582,6,2800,9321,642,9963,100
2mm,MEDIUM,15,LSS,1.75,O0,45,0.0494726426666236,66.887272676003,52,296,0,1234,7500,276,7776,39
2mm,MEDIUM,15,LSS,1.75,O2,84,0.0494726426666236,66.887272676003,97,412,6,1743,8400,445,8845,57
2mm,MEDIUM,15,LSS,1.75,O3,125,0.0494726426666236,66.887272676003,149,582,6,2800,9321,642,9963,100
2mm,SMALL,10,ALL_BRAM,1.0,O0,56,0.0363999969999984,100.3653297702541,56,320,29,1165,7185,210,7395,39
2mm,SMALL,10,ALL_BRAM,1.0,O2,116,0.0363999969999984,100.3653297702541,114,458,228,1730,8199,345,8544,59
2mm,SMALL,10,ALL_BRAM,1.0,O3,162,0.0363999969999984,100.3653297702541,160,637,494,2688,9093,583,9676,99
2mm,SMALL,10,ALL_BRAM,1.75,O0,64,0.0170666606666802,100.17095837552512,64,320,29,1165,7185,210,7395,39
2mm,SMALL,10,ALL_BRAM,1.75,O2,136,0.0170666606666802,100.17095837552512,134,458,228,1730,8199,345,8544,59
2mm,SMALL,10,ALL_BRAM,1.75,O3,192,0.0170666606666802,100.17095837552512,190,637,494,2688,9093,583,9676,99
2mm,SMALL,10,LSS,1.0,O0,56,0.0363999969999984,100.3653297702541,64,321,32,1229,7453,280,7733,41
2mm,SMALL,10,LSS,1.0,O2,112,0.0363999969999984,100.3653297702541,127,458,185,1858,8467,479,8946,63
2mm,SMALL,10,LSS,1.0,O3,163,0.0363999969999984,100.3653297702541,189,638,343,2881,9395,655,10050,106
2mm,SMALL,10,LSS,1.75,O0,64,0.0170666606666802,100.17095837552512,72,321,32,1229,7453,280,7733,41
2mm,SMALL,10,LSS,1.75,O2,132,0.0170666606666802,100.17095837552512,147,458,185,1858,8467,479,8946,63
2mm,SMALL,10,LSS,1.75,O3,193,0.0170666606666802,100.17095837552512,219,638,343,2881,9395,655,10050,106
2mm,SMALL,15,ALL_BRAM,1.0,O0,44,0.0494726426666236,66.887272676003,44,321,8,1101,7185,243,7428,37
2mm,SMALL,15,ALL_BRAM,1.0,O2,87,0.0494726426666236,66.887272676003,85,458,42,1602,8199,377,8576,55
2mm,SMALL,15,ALL_BRAM,1.0,O3,122,0.0494726426666236,66.887272676003,120,638,63,2496,9127,517,9644,93
2mm,SMALL,15,ALL_BRAM,1.75,O0,44,0.0494726426666236,66.887272676003,44,321,8,1101,7185,243,7428,37
2mm,SMALL,15,ALL_BRAM,1.75,O2,87,0.0494726426666236,66.887272676003,85,458,42,1602,8199,377,8576,55
2mm,SMALL,15,ALL_BRAM,1.75,O3,122,0.0494726426666236,66.887272676003,120,638,63,2496,9127,517,9644,93
2mm,SMALL,15,LSS,1.0,O0,45,0.0494726426666236,66.887272676003,52,321,0,1229,7453,276,7729,41
2mm,SMALL,15,LSS,1.0,O2,84,0.0494726426666236,66.887272676003,97,457,0,1858,8433,445,8878,63
2mm,SMALL,15,LSS,1.0,O3,125,0.0494726426666236,66.887272676003,149,635,0,2881,9293,642,9935,106
2mm,SMALL,15,LSS,1.75,O0,45,0.0494726426666236,66.887272676003,52,321,0,1229,7453,276,7729,41
2mm,SMALL,15,LSS,1.75,O2,84,0.0494726426666236,66.887272676003,97,457,0,1858,8433,445,8878,63
2mm,SMALL,15,LSS,1.75,O3,125,0.0494726426666236,66.887272676003,149,635,0,2881,9293,642,9935,106
3mm,MEDIUM,10,ALL_BRAM,1.0,O0,67,0.0363999969999984,100.3653297702541,68,396,52,1567,8261,171,8432,55
3mm,MEDIUM,10,ALL_BRAM,1.0,O2,145,0.0363999969999984,100.3653297702541,143,591,722,2258,9770,477,10247,83
3mm,MEDIUM,10,ALL_BRAM,1.0,O3,168,0.0363999969999984,100.3653297702541,166,848,1208,3431,11141,573,11714,130
3mm,MEDIUM,10,ALL_BRAM,1.75,O0,73,0.0170666606666802,100.17095837552512,74,396,52,1567,8261,171,8432,55
3mm,MEDIUM,10,ALL_BRAM,1.75,O2,163,0.0170666606666802,100.17095837552512,161,591,722,2258,9770,477,10247,83
3mm,MEDIUM,10,ALL_BRAM,1.75,O3,186,0.0170666606666802,100.17095837552512,184,848,1208,3431,11141,573,11714,130
3mm,MEDIUM,10,LSS,1.0,O0,67,0.0363999969999984,100.3653297702541,80,396,87,1663,8395,240,8635,58
3mm,MEDIUM,10,LSS,1.0,O2,139,0.0363999969999984,100.3653297702541,164,591,694,2450,10038,515,10553,89
3mm,MEDIUM,10,LSS,1.0,O3,165,0.0363999969999984,100.3653297702541,199,851,1168,3818,11511,769,12280,145
3mm,MEDIUM,10,LSS,1.75,O0,73,0.0170666606666802,100.17095837552512,86,396,87,1663,8395,240,8635,58
3mm,MEDIUM,10,LSS,1.75,O2,157,0.0170666606666802,100.17095837552512,182,591,694,2450,10038,515,10553,89
3mm,MEDIUM,10,LSS,1.75,O3,183,0.0170666606666802,100.17095837552512,217,851,1168,3818,11511,769,12280,145
3mm,MEDIUM,15,ALL_BRAM,1.0,O0,52,0.0494726426666236,66.887272676003,53,397,31,1471,8261,207,8468,52
3mm,MEDIUM,15,ALL_BRAM,1.0,O2,109,0.0494726426666236,66.887272676003,107,591,352,2066,9770,412,10182,77
3mm,MEDIUM,15,ALL_BRAM,1.0,O3,129,0.0494726426666236,66.887272676003,127,851,420,2983,11243,529,11772,117
3mm,MEDIUM,15,ALL_BRAM,1.75,O0,52,0.0494726426666236,66.887272676003,53,397,31,1471,8261,207,8468,52
3mm,MEDIUM,15,ALL_BRAM,1.75,O2,109,0.0494726426666236,66.887272676003,107,591,352,2066,9770,412,10182,77
3mm,MEDIUM,15,ALL_BRAM,1.75,O3,129,0.0494726426666236,66.887272676003,127,851,420,2983,11243,529,11772,117
3mm,MEDIUM,15,LSS,1.0,O0,55,0.0494726426666236,66.887272676003,65,397,0,1663,8529,306,8835,58
3mm,MEDIUM,15,LSS,1.0,O2,106,0.0494726426666236,66.887272676003,125,591,10,2450,10038,496,10534,89
3mm,MEDIUM,15,LSS,1.0,O3,132,0.0494726426666236,66.887272676003,160,848,10,3754,11409,750,12159,144
3mm,MEDIUM,15,LSS,1.75,O0,55,0.0494726426666236,66.887272676003,65,397,0,1663,8529,306,8835,58
3mm,MEDIUM,15,LSS,1.75,O2,106,0.0494726426666236,66.887272676003,125,591,10,2450,10038,496,10534,89
3mm,MEDIUM,15,LSS,1.75,O3,132,0.0494726426666236,66.887272676003,160,848,10,3754,11409,750,12159,144
3mm,SMALL,10,ALL_BRAM,1.0,O0,67,0.0363999969999984,100.3653297702541,68,428,81,1453,8253,171,8424,52
3mm,SMALL,10,ALL_BRAM,1.0,O2,145,0.0363999969999984,100.3653297702541,143,645,570,2204,9644,477,10121,82
3mm,SMALL,10,ALL_BRAM,1.0,O3,168,0.0363999969999984,100.3653297702541,166,919,1065,3378,11028,573,11601,130
3mm,SMALL,10,ALL_BRAM,1.75,O0,73,0.0170666606666802,100.17095837552512,74,428,81,1453,8253,171,8424,52
3mm,SMALL,10,ALL_BRAM,1.75,O2,163,0.0170666606666802,100.17095837552512,161,645,570,2204,9644,477,10121,82
3mm,SMALL,10,ALL_BRAM,1.75,O3,186,0.0170666606666802,100.17095837552512,184,919,1065,3378,11028,573,11601,130
3mm,SMALL,10,LSS,1.0,O0,67,0.0363999969999984,100.3653297702541,80,428,129,1549,8387,240,8627,55
3mm,SMALL,10,LSS,1.0,O2,139,0.0363999969999984,100.3653297702541,164,645,615,2396,9912,515,10427,88
3mm,SMALL,10,LSS,1.0,O3,165,0.0363999969999984,100.3653297702541,199,922,1178,3765,11398,769,12167,145
3mm,SMALL,10,LSS,1.75,O0,73,0.0170666606666802,100.17095837552512,86,428,129,1549,8387,240,8627,55
3mm,SMALL,10,LSS,1.75,O2,157,0.0170666606666802,100.17095837552512,182,645,615,2396,9912,515,10427,88
3mm,SMALL,10,LSS,1.75,O3,183,0.0170666606666802,100.17095837552512,217,922,1178,3765,11398,769,12167,145
3mm,SMALL,15,ALL_BRAM,1.0,O0,52,0.0494726426666236,66.887272676003,53,429,58,1357,8253,207,8460,49
3mm,SMALL,15,ALL_BRAM,1.0,O2,109,0.0494726426666236,66.887272676003,107,645,299,2012,9644,412,10056,76
3mm,SMALL,15,ALL_BRAM,1.0,O3,129,0.0494726426666236,66.887272676003,127,922,393,2930,11130,529,11659,117
3mm,SMALL,15,ALL_BRAM,1.75,O0,52,0.0494726426666236,66.887272676003,53,429,58,1357,8253,207,8460,49
3mm,SMALL,15,ALL_BRAM,1.75,O2,109,0.0494726426666236,66.887272676003,107,645,299,2012,9644,412,10056,76
3mm,SMALL,15,ALL_BRAM,1.75,O3,129,0.0494726426666236,66.887272676003,127,922,393,2930,11130,529,11659,117
3mm,SMALL,15,LSS,1.0,O0,55,0.0494726426666236,66.887272676003,65,429,2,1549,8521,306,8827,55
3mm,SMALL,15,LSS,1.0,O2,106,0.0494726426666236,66.887272676003,125,645,12,2396,9912,496,10408,88
3mm,SMALL,15,LSS,1.0,O3,132,0.0494726426666236,66.887272676003,160,919,12,3701,11296,750,12046,144
3mm,SMALL,15,LSS,1.75,O0,55,0.0494726426666236,66.887272676003,65,429,2,1549,8521,306,8827,55
3mm,SMALL,15,LSS,1.75,O2,106,0.0494726426666236,66.887272676003,125,645,12,2396,9912,496,10408,88
3mm,SMALL,15,LSS,1.75,O3,132,0.0494726426666236,66.887272676003,160,919,12,3701,11296,750,12046,144
atax,MEDIUM,10,ALL_BRAM,1.0,O0,39,0.0363999969999984,100.3653297702541,38,174,6,774,5655,274,5929,27
atax,MEDIUM,10,ALL_BRAM,1.0,O2,97,0.0363999969999984,100.3653297702541,95,321,74,1482,6471,513,6984,53
atax,MEDIUM,10,ALL_BRAM,1.0,O3,107,0.0363999969999984,100.3653297702541,105,385,101,1837,6917,526,7443,68
atax,MEDIUM,10,ALL_BRAM,1.75,O0,43,0.0170666606666802,100.17095837552512,42,174,6,774,5655,274,5929,27
atax,MEDIUM,10,ALL_BRAM,1.75,O2,109,0.0170666606666802,100.17095837552512,107,321,74,1482,6471,513,6984,53
atax,MEDIUM,10,ALL_BRAM,1.75,O3,119,0.0170666606666802,100.17095837552512,117,385,101,1837,6917,526,7443,68
atax,MEDIUM,10,LSS,1.0,O0,40,0.0363999969999984,100.3653297702541,46,174,2,839,5923,239,6162,30
atax,MEDIUM,10,LSS,1.0,O2,96,0.0363999969999984,100.3653297702541,116,322,64,1675,6773,515,7288,60
atax,MEDIUM,10,LSS,1.0,O3,108,0.0363999969999984,100.3653297702541,133,386,78,2159,7219,645,7864,80
atax,MEDIUM,10,LSS,1.75,O0,44,0.0170666606666802,100.17095837552512,50,174,2,839,5923,239,6162,30
atax,MEDIUM,10,LSS,1.75,O2,108,0.0170666606666802,100.17095837552512,128,322,64,1675,6773,515,7288,60
atax,MEDIUM,10,LSS,1.75,O3,120,0.0170666606666802,100.17095837552512,145,386,78,2159,7219,645,7864,80
atax,MEDIUM,15,ALL_BRAM,1.0,O0,31,0.0494726426666805,66.88727267600325,30,174,0,710,5655,206,5861,25
atax,MEDIUM,15,ALL_BRAM,1.0,O2,75,0.0494726426666236,66.887272676003,73,324,17,1354,6573,443,7016,49
atax,MEDIUM,15,ALL_BRAM,1.0,O3,85,0.0494726426666236,66.887272676003,83,388,19,1709,7019,447,7466,64
atax,MEDIUM,15,ALL_BRAM,1.75,O0,31,0.0494726426666805,66.88727267600325,30,174,0,710,5655,206,5861,25
atax,MEDIUM,15,ALL_BRAM,1.75,O2,75,0.0494726426666236,66.887272676003,73,324,17,1354,6573,443,7016,49
atax,MEDIUM,15,ALL_BRAM,1.75,O3,85,0.0494726426666236,66.887272676003,83,388,19,1709,7019,447,7466,64
atax,MEDIUM,15,LSS,1.0,O0,34,0.0494726426666805,66.88727267600325,40,174,0,839,5923,239,6162,30
atax,MEDIUM,15,LSS,1.0,O2,76,0.0494726426666236,66.887272676003,94,321,0,1675,6739,468,7207,60
atax,MEDIUM,15,LSS,1.0,O3,88,0.0494726426666236,66.887272676003,111,385,0,2159,7185,587,7772,80
atax,MEDIUM,15,LSS,1.75,O0,34,0.0494726426666805,66.88727267600325,40,174,0,839,5923,239,6162,30
atax,MEDIUM,15,LSS,1.75,O2,76,0.0494726426666236,66.887272676003,94,321,0,1675,6739,468,7207,60
atax,MEDIUM,15,LSS,1.75,O3,88,0.0494726426666236,66.887272676003,111,385,0,2159,7185,587,7772,80
atax,SMALL,10,ALL_BRAM,1.0,O0,37,0.0363999969999984,100.3653297702541,36,146,0,646,5500,206,5706,20
atax,SMALL,10,ALL_BRAM,1.0,O2,93,0.0363999969999984,100.3653297702541,91,282,5,1316,6275,443,6718,45
atax,SMALL,10,ALL_BRAM,1.0,O3,103,0.0363999969999984,100.3653297702541,101,346,7,1671,6721,447,7168,60
atax,SMALL,10,ALL_BRAM,1.75,O0,41,0.0170666606666802,100.17095837552512,40,146,0,646,5500,206,5706,20
atax,SMALL,10,ALL_BRAM,1.75,O2,105,0.0170666606666802,100.17095837552512,103,282,5,1316,6275,443,6718,45
atax,SMALL,10,ALL_BRAM,1.75,O3,115,0.0170666606666802,100.17095837552512,113,346,7,1671,6721,447,7168,60
atax,SMALL,10,LSS,1.0,O0,40,0.0363999969999984,100.3653297702541,46,146,0,775,5768,239,6007,25
atax,SMALL,10,LSS,1.0,O2,94,0.0363999969999984,100.3653297702541,112,280,0,1637,6475,468,6943,56
atax,SMALL,10,LSS,1.0,O3,106,0.0363999969999984,100.3653297702541,129,344,0,2121,6921,587,7508,76
atax,SMALL,10,LSS,1.75,O0,44,0.0170666606666802,100.17095837552512,50,146,0,775,5768,239,6007,25
atax,SMALL,10,LSS,1.75,O2,106,0.0170666606666802,100.17095837552512,124,280,0,1637,6475,468,6943,56
atax,SMALL,10,LSS,1.75,O3,118,0.0170666606666802,100.17095837552512,141,344,0,2121,6921,587,7508,76
atax,SMALL,15,ALL_BRAM,1.0,O0,31,0.0494726426666805,66.88727267600325,30,146,0,646,5500,206,5706,20
atax,SMALL,15,ALL_BRAM,1.0,O2,75,0.0494726426666236,66.887272676003,73,280,0,1316,6207,443,6650,45
atax,SMALL,15,ALL_BRAM,1.0,O3,85,0.0494726426666236,66.887272676003,83,344,0,1671,6653,447,7100,60
atax,SMALL,15,ALL_BRAM,1.75,O0,31,0.0494726426666805,66.88727267600325,30,146,0,646,5500,206,5706,20
atax,SMALL,15,ALL_BRAM,1.75,O2,75,0.0494726426666236,66.887272676003,73,280,0,1316,6207,443,6650,45
atax,SMALL,15,ALL_BRAM,1.75,O3,85,0.0494726426666236,66.887272676003,83,344,0,1671,6653,447,7100,60
atax,SMALL,15,LSS,1.0,O0,34,0.0494726426666805,66.88727267600325,40,146,0,775,5768,239,6007,25
atax,SMALL,15,LSS,1.0,O2,76,0.0494726426666236,66.887272676003,94,280,0,1637,6475,468,6943,56
atax,SMALL,15,LSS,1.0,O3,88,0.0494726426666236,66.887272676003,111,344,0,2121,6921,587,7508,76
atax,SMALL,15,LSS,1.75,O0,34,0.0494726426666805,66.88727267600325,40,146,0,775,5768,239,6007,25
atax,SMALL,15,LSS,1.75,O2,76,0.0494726426666236,66.887272676003,94,280,0,1637,6475,468,6943,56
atax,SMALL,15,LSS,1.75,O3,88,0.0494726426666236,66.887272676003,111,344,0,2121,6921,587,7508,76
bicg,MEDIUM,10,ALL_BRAM,1.0,O0,36,0.0363999969999984,100.3653297702541,34,143,0,725,5510,238,5748,21
bicg,MEDIUM,10,ALL_BRAM,1.0,O2,41,0.0363999969999984,100.3653297702541,39,211,1,951,5877,239,6116,32
bicg,MEDIUM,10,ALL_BRAM,1.0,O3,51,0.0363999969999984,100.3653297702541,49,271,7,1274,6327,409,6736,46
bicg,MEDIUM,10,ALL_BRAM,1.75,O0,40,0.0170666606666802,100.17095837552512,38,143,0,725,5510,238,5748,21
bicg,MEDIUM,10,ALL_BRAM,1.75,O2,45,0.0170666606666802,100.17095837552512,43,211,1,951,5877,239,6116,32
bicg,MEDIUM,10,ALL_BRAM,1.75,O3,55,0.0170666606666802,100.17095837552512,53,271,7,1274,6327,409,6736,46
bicg,MEDIUM,10,LSS,1.0,O0,39,0.0363999969999984,100.3653297702541,45,143,0,758,5778,240,6018,23
bicg,MEDIUM,10,LSS,1.0,O2,45,0.0363999969999984,100.3653297702541,55,211,0,1080,6145,306,6451,37
bicg,MEDIUM,10,LSS,1.0,O3,55,0.0363999969999984,100.3653297702541,70,271,2,1596,6595,376,6971,57
bicg,MEDIUM,10,LSS,1.75,O0,43,0.0170666606666802,100.17095837552512,49,143,0,758,5778,240,6018,23
bicg,MEDIUM,10,LSS,1.75,O2,49,0.0170666606666802,100.17095837552512,59,211,0,1080,6145,306,6451,37
bicg,MEDIUM,10,LSS,1.75,O3,59,0.0170666606666802,100.17095837552512,74,271,2,1596,6595,376,6971,57
bicg,MEDIUM,15,ALL_BRAM,1.0,O0,30,0.0494726426666805,66.88727267600325,28,143,0,725,5510,238,5748,21
bicg,MEDIUM,15,ALL_BRAM,1.0,O2,35,0.0494726426666805,66.88727267600325,33,211,0,951,5877,239,6116,32
bicg,MEDIUM,15,ALL_BRAM,1.0,O3,44,0.0494726426666805,66.88727267600325,42,271,0,1338,6327,340,6667,47
bicg,MEDIUM,15,ALL_BRAM,1.75,O0,30,0.0494726426666805,66.88727267600325,28,143,0,725,5510,238,5748,21
bicg,MEDIUM,15,ALL_BRAM,1.75,O2,35,0.0494726426666805,66.88727267600325,33,211,0,951,5877,239,6116,32
bicg,MEDIUM,15,ALL_BRAM,1.75,O3,44,0.0494726426666805,66.88727267600325,42,271,0,1338,6327,340,6667,47
bicg,MEDIUM,15,LSS,1.0,O0,33,0.0494726426666805,66.88727267600325,39,143,0,758,5778,240,6018,23
bicg,MEDIUM,15,LSS,1.0,O2,39,0.0494726426666805,66.88727267600325,49,211,0,1080,6145,306,6451,37
bicg,MEDIUM,15,LSS,1.0,O3,49,0.0494726426666805,66.88727267600325,64,271,0,1596,6595,376,6971,57
bicg,MEDIUM,15,LSS,1.75,O0,33,0.0494726426666805,66.88727267600325,39,143,0,758,5778,240,6018,23
bicg,MEDIUM,15,LSS,1.75,O2,39,0.0494726426666805,66.88727267600325,49,211,0,1080,6145,306,6451,37
bicg,MEDIUM,15,LSS,1.75,O3,49,0.0494726426666805,66.88727267600325,64,271,0,1596,6595,376,6971,57
bicg,SMALL,10,ALL_BRAM,1.0,O0,36,0.0363999969999984,100.3653297702541,34,138,0,727,5506,238,5744,21
bicg,SMALL,10,ALL_BRAM,1.0,O2,41,0.0363999969999984,100.3653297702541,39,206,1,953,5873,239,6112,32
bicg,SMALL,10,ALL_BRAM,1.0,O3,51,0.0363999969999984,100.3653297702541,49,266,7,1276,6323,409,6732,46
bicg,SMALL,10,ALL_BRAM,1.75,O0,40,0.0170666606666802,100.17095837552512,38,138,0,727,5506,238,5744,21
bicg,SMALL,10,ALL_BRAM,1.75,O2,45,0.0170666606666802,100.17095837552512,43,206,1,953,5873,239,6112,32
bicg,SMALL,10,ALL_BRAM,1.75,O3,55,0.0170666606666802,100.17095837552512,53,266,7,1276,6323,409,6732,46
bicg,SMALL,10,LSS,1.0,O0,39,0.0363999969999984,100.3653297702541,45,138,0,760,5774,240,6014,23
bicg,SMALL,10,LSS,1.0,O2,45,0.0363999969999984,100.3653297702541,55,206,0,1082,6141,306,6447,37
bicg,SMALL,10,LSS,1.0,O3,55,0.0363999969999984,100.3653297702541,70,266,2,1598,6591,376,6967,57
bicg,SMALL,10,LSS,1.75,O0,43,0.0170666606666802,100.17095837552512,49,138,0,760,5774,240,6014,23
bicg,SMALL,10,LSS,1.75,O2,49,0.0170666606666802,100.17095837552512,59,206,0,1082,6141,306,6447,37
bicg,SMALL,10,LSS,1.75,O3,59,0.0170666606666802,100.17095837552512,74,266,2,1598,6591,376,6967,57
bicg,SMALL,15,ALL_BRAM,1.0,O0,30,0.0494726426666805,66.88727267600325,28,138,0,727,5506,238,5744,21
bicg,SMALL,15,ALL_BRAM,1.0,O2,35,0.0494726426666805,66.88727267600325,33,206,0,953,5873,239,6112,32
bicg,SMALL,15,ALL_BRAM,1.0,O3,44,0.0494726426666805,66.88727267600325,42,266,0,1340,6323,340,6663,47
bicg,SMALL,15,ALL_BRAM,1.75,O0,30,0.0494726426666805,66.88727267600325,28,138,0,727,5506,238,5744,21
bicg,SMALL,15,ALL_BRAM,1.75,O2,35,0.0494726426666805,66.88727267600325,33,206,0,953,5873,239,6112,32
bicg,SMALL,15,ALL_BRAM,1.75,O3,44,0.0494726426666805,66.88727267600325,42,266,0,1340,6323,340,6663,47
bicg,SMALL,15,LSS,1.0,O0,33,0.0494726426666805,66.88727267600325,39,138,0,760,5774,240,6014,23
bicg,SMALL,15,LSS,1.0,O2,39,0.0494726426666805,66.88727267600325,49,206,0,1082,6141,306,6447,37
bicg,SMALL,15,LSS,1.0,O3,49,0.0494726426666805,66.88727267600325,64,266,0,1598,6591,376,6967,57
bicg,SMALL,15,LSS,1.75,O0,33,0.0494726426666805,66.88727267600325,39,138,0,760,5774,240,6014,23
bicg,SMALL,15,LSS,1.75,O2,39,0.0494726426666805,66.88727267600325,49,206,0,1082,6141,306,6447,37
bicg,SMALL,15,LSS,1.75,O3,49,0.0494726426666805,66.88727267600325,64,266,0,1598,6591,376,6967,57
deriche,MEDIUM,10,ALL_BRAM,1.0,O0,6,0.4802633153333762,105.04492226247112,4,220,12,557,1943,0,1943,23
deriche,MEDIUM,10,ALL_BRAM,1.0,O2,6,0.4802633153333762,105.04492226247112,4,220,12,557,1943,0,1943,23
deriche,MEDIUM,10,ALL_BRAM,1.0,O3,6,0.4802633153333762,105.04492226247112,4,220,12,557,1943,0,1943,23
deriche,MEDIUM,10,ALL_BRAM,1.75,O0,6,0.4802633153333762,105.04492226247112,4,220,12,557,1943,0,1943,23
deriche,MEDIUM,10,ALL_BRAM,1.75,O2,6,0.4802633153333762,105.04492226247112,4,220,12,557,1943,0,1943,23
deriche,MEDIUM,10,ALL_BRAM,1.75,O3,6,0.4802633153333762,105.04492226247112,4,220,12,557,1943,0,1943,23
deriche,MEDIUM,10,LSS,1.0,O0,6,0.4802633153333762,105.04492226247112,4,220,12,557,1943,0,1943,23
deriche,MEDIUM,10,LSS,1.0,O2,6,0.4802633153333762,105.04492226247112,4,220,12,557,1943,0,1943,23
deriche,MEDIUM,10,LSS,1.0,O3,6,0.4802633153333762,105.04492226247112,4,220,12,557,1943,0,1943,23
deriche,MEDIUM,10,LSS,1.75,O0,6,0.4802633153333762,105.04492226247112,4,220,12,557,1943,0,1943,23
deriche,MEDIUM,10,LSS,1.75,O2,6,0.4802633153333762,105.04492226247112,4,220,12,557,1943,0,1943,23
deriche,MEDIUM,10,LSS,1.75,O3,6,0.4802633153333762,105.04492226247112,4,220,12,557,1943,0,1943,23
deriche,MEDIUM,15,ALL_BRAM,1.0,O0,5,3.121133314333393,84.1831149773429,3,220,9,521,1943,0,1943,18
deriche,MEDIUM,15,ALL_BRAM,1.0,O2,5,3.121133314333393,84.1831149773429,3,220,9,521,1943,0,1943,18
deriche,MEDIUM,15,ALL_BRAM,1.0,O3,5,3.121133314333393,84.1831149773429,3,220,9,521,1943,0,1943,18
deriche,MEDIUM,15,ALL_BRAM,1.75,O0,5,3.121133314333393,84.1831149773429,3,220,9,521,1943,0,1943,18
deriche,MEDIUM,15,ALL_BRAM,1.75,O2,5,3.121133314333393,84.1831149773429,3,220,9,521,1943,0,1943,18
deriche,MEDIUM,15,ALL_BRAM,1.75,O3,5,3.121133314333393,84.1831149773429,3,220,9,521,1943,0,1943,18
deriche,MEDIUM,15,LSS,1.0,O0,5,3.121133314333393,84.1831149773429,3,220,9,521,1943,0,1943,18
deriche,MEDIUM,15,LSS,1.0,O2,5,3.121133314333393,84.1831149773429,3,220,9,521,1943,0,1943,18
deriche,MEDIUM,15,LSS,1.0,O3,5,3.121133314333393,84.1831149773429,3,220,9,521,1943,0,1943,18
deriche,MEDIUM,15,LSS,1.75,O0,5,3.121133314333393,84.1831149773429,3,220,9,521,1943,0,1943,18
deriche,MEDIUM,15,LSS,1.75,O2,5,3.121133314333393,84.1831149773429,3,220,9,521,1943,0,1943,18
deriche,MEDIUM,15,LSS,1.75,O3,5,3.121133314333393,84.1831149773429,3,220,9,521,1943,0,1943,18
deriche,SMALL,10,ALL_BRAM,1.0,O0,6,0.4802633153333762,105.04492226247112,4,220,12,557,1943,0,1943,23
deriche,SMALL,10,ALL_BRAM,1.0,O2,6,0.4802633153333762,105.04492226247112,4,220,12,557,1943,0,1943,23
deriche,SMALL,10,ALL_BRAM,1.0,O3,6,0.4802633153333762,105.04492226247112,4,220,12,557,1943,0,1943,23
deriche,SMALL,10,ALL_BRAM,1.75,O0,6,0.4802633153333762,105.04492226247112,4,220,12,557,1943,0,1943,23
deriche,SMALL,10,ALL_BRAM,1.75,O2,6,0.4802633153333762,105.04492226247112,4,220,12,557,1943,0,1943,23
deriche,SMALL,10,ALL_BRAM,1.75,O3,6,0.4802633153333762,105.04492226247112,4,220,12,557,1943,0,1943,23
deriche,SMALL,10,LSS,1.0,O0,6,0.4802633153333762,105.04492226247112,4,220,12,557,1943,0,1943,23
deriche,SMALL,10,LSS,1.0,O2,6,0.4802633153333762,105.04492226247112,4,220,12,557,1943,0,1943,23
deriche,SMALL,10,LSS,1.0,O3,6,0.4802633153333762,105.04492226247112,4,220,12,557,1943,0,1943,23
deriche,SMALL,10,LSS,1.75,O0,6,0.4802633153333762,105.04492226247112,4,220,12,557,1943,0,1943,23
deriche,SMALL,10,LSS,1.75,O2,6,0.4802633153333762,105.04492226247112,4,220,12,557,1943,0,1943,23
deriche,SMALL,10,LSS,1.75,O3,6,0.4802633153333762,105.04492226247112,4,220,12,557,1943,0,1943,23
deriche,SMALL,15,ALL_BRAM,1.0,O0,5,3.121133314333393,84.1831149773429,3,220,9,521,1943,0,1943,18
deriche,SMALL,15,ALL_BRAM,1.0,O2,5,3.121133314333393,84.1831149773429,3,220,9,521,1943,0,1943,18
deriche,SMALL,15,ALL_BRAM,1.0,O3,5,3.121133314333393,84.1831149773429,3,220,9,521,1943,0,1943,18
deriche,SMALL,15,ALL_BRAM,1.75,O0,5,3.121133314333393,84.1831149773429,3,220,9,521,1943,0,1943,18
deriche,SMALL,15,ALL_BRAM,1.75,O2,5,3.121133314333393,84.1831149773429,3,220,9,521,1943,0,1943,18
deriche,SMALL,15,ALL_BRAM,1.75,O3,5,3.121133314333393,84.1831149773429,3,220,9,521,1943,0,1943,18
deriche,SMALL,15,LSS,1.0,O0,5,3.121133314333393,84.1831149773429,3,220,9,521,1943,0,1943,18
deriche,SMALL,15,LSS,1.0,O2,5,3.121133314333393,84.1831149773429,3,220,9,521,1943,0,1943,18
deriche,SMALL,15,LSS,1.0,O3,5,3.121133314333393,84.1831149773429,3,220,9,521,1943,0,1943,18
deriche,SMALL,15,LSS,1.75,O0,5,3.121133314333393,84.1831149773429,3,220,9,521,1943,0,1943,18
deriche,SMALL,15,LSS,1.75,O2,5,3.121133314333393,84.1831149773429,3,220,9,521,1943,0,1943,18
deriche,SMALL,15,LSS,1.75,O3,5,3.121133314333393,84.1831149773429,3,220,9,521,1943,0,1943,18
floyd-warshall,MEDIUM,10,ALL_BRAM,1.0,O0,13,0.6331999940000177,106.76004605195388,11,95,6,439,1050,68,1118,16
floyd-warshall,MEDIUM,10,ALL_BRAM,1.0,O2,20,0.6331999940000177,106.76004605195388,18,136,12,759,1393,139,1532,29
floyd-warshall,MEDIUM,10,ALL_BRAM,1.0,O3,20,0.6331999940000177,106.76004605195388,18,136,12,759,1393,139,1532,29
floyd-warshall,MEDIUM,10,ALL_BRAM,1.75,O0,13,0.6331999940000177,106.76004605195388,11,95,6,439,1050,68,1118,16
floyd-warshall,MEDIUM,10,ALL_BRAM,1.75,O2,20,0.6331999940000177,106.76004605195388,18,136,12,759,1393,139,1532,29
floyd-warshall,MEDIUM,10,ALL_BRAM,1.75,O3,20,0.6331999940000177,106.76004605195388,18,136,12,759,1393,139,1532,29
floyd-warshall,MEDIUM,10,LSS,1.0,O0,13,0.6331999940000177,106.76004605195388,14,95,5,471,1318,103,1421,17
floyd-warshall,MEDIUM,10,LSS,1.0,O2,18,0.6331999940000177,106.76004605195388,24,136,9,823,1661,176,1837,31
floyd-warshall,MEDIUM,10,LSS,1.0,O3,18,0.6331999940000177,106.76004605195388,24,136,9,823,1661,176,1837,31
floyd-warshall,MEDIUM,10,LSS,1.75,O0,13,0.6331999940000177,106.76004605195388,14,95,5,471,1318,103,1421,17
floyd-warshall,MEDIUM,10,LSS,1.75,O2,18,0.6331999940000177,106.76004605195388,24,136,9,823,1661,176,1837,31
floyd-warshall,MEDIUM,10,LSS,1.75,O3,18,0.6331999940000177,106.76004605195388,24,136,9,823,1661,176,1837,31
floyd-warshall,MEDIUM,15,ALL_BRAM,1.0,O0,13,5.633199994000004,106.76004605195372,11,95,0,439,1050,68,1118,16
floyd-warshall,MEDIUM,15,ALL_BRAM,1.0,O2,20,5.633199994000004,106.76004605195372,18,136,1,727,1393,138,1531,28
floyd-warshall,MEDIUM,15,ALL_BRAM,1.0,O3,20,5.633199994000004,106.76004605195372,18,136,1,727,1393,138,1531,28
floyd-warshall,MEDIUM,15,ALL_BRAM,1.75,O0,13,5.633199994000004,106.76004605195372,11,95,0,439,1050,68,1118,16
floyd-warshall,MEDIUM,15,ALL_BRAM,1.75,O2,20,5.633199994000004,106.76004605195372,18,136,1,727,1393,138,1531,28
floyd-warshall,MEDIUM,15,ALL_BRAM,1.75,O3,20,5.633199994000004,106.76004605195372,18,136,1,727,1393,138,1531,28
floyd-warshall,MEDIUM,15,LSS,1.0,O0,13,5.633199994000004,106.76004605195372,14,95,0,503,1318,102,1420,18
floyd-warshall,MEDIUM,15,LSS,1.0,O2,18,5.633199994000004,106.76004605195372,24,136,0,823,1661,209,1870,31
floyd-warshall,MEDIUM,15,LSS,1.0,O3,18,5.633199994000004,106.76004605195372,24,136,0,823,1661,209,1870,31
floyd-warshall,MEDIUM,15,LSS,1.75,O0,13,5.633199994000004,106.76004605195372,14,95,0,503,1318,102,1420,18
floyd-warshall,MEDIUM,15,LSS,1.75,O2,18,5.633199994000004,106.76004605195372,24,136,0,823,1661,209,1870,31
floyd-warshall,MEDIUM,15,LSS,1.75,O3,18,5.633199994000004,106.76004605195372,24,136,0,823,1661,209,1870,31
floyd-warshall,SMALL,10,ALL_BRAM,1.0,O0,13,0.6331999940000177,106.76004605195388,11,95,5,441,1050,68,1118,15
floyd-warshall,SMALL,10,ALL_BRAM,1.0,O2,20,0.6331999940000177,106.76004605195388,18,136,13,761,1393,139,1532,28
floyd-warshall,SMALL,10,ALL_BRAM,1.0,O3,20,0.6331999940000177,106.76004605195388,18,136,13,761,1393,139,1532,28
floyd-warshall,SMALL,10,ALL_BRAM,1.75,O0,13,0.6331999940000177,106.76004605195388,11,95,5,441,1050,68,1118,15
floyd-warshall,SMALL,10,ALL_BRAM,1.75,O2,20,0.6331999940000177,106.76004605195388,18,136,13,761,1393,139,1532,28
floyd-warshall,SMALL,10,ALL_BRAM,1.75,O3,20,0.6331999940000177,106.76004605195388,18,136,13,761,1393,139,1532,28
floyd-warshall,SMALL,10,LSS,1.0,O0,13,0.6331999940000177,106.76004605195388,14,95,4,473,1318,103,1421,16
floyd-warshall,SMALL,10,LSS,1.0,O2,18,0.6331999940000177,106.76004605195388,24,136,10,825,1661,176,1837,30
floyd-warshall,SMALL,10,LSS,1.0,O3,18,0.6331999940000177,106.76004605195388,24,136,10,825,1661,176,1837,30
floyd-warshall,SMALL,10,LSS,1.75,O0,13,0.6331999940000177,106.76004605195388,14,95,4,473,1318,103,1421,16
floyd-warshall,SMALL,10,LSS,1.75,O2,18,0.6331999940000177,106.76004605195388,24,136,10,825,1661,176,1837,30
floyd-warshall,SMALL,10,LSS,1.75,O3,18,0.6331999940000177,106.76004605195388,24,136,10,825,1661,176,1837,30
floyd-warshall,SMALL,15,ALL_BRAM,1.0,O0,13,5.633199994000032,106.76004605195403,11,95,0,441,1050,68,1118,15
floyd-warshall,SMALL,15,ALL_BRAM,1.0,O2,20,5.633199994000032,106.76004605195403,18,136,1,729,1393,138,1531,27
floyd-warshall,SMALL,15,ALL_BRAM,1.0,O3,20,5.633199994000032,106.76004605195403,18,136,1,729,1393,138,1531,27
floyd-warshall,SMALL,15,ALL_BRAM,1.75,O0,13,5.633199994000032,106.76004605195403,11,95,0,441,1050,68,1118,15
floyd-warshall,SMALL,15,ALL_BRAM,1.75,O2,20,5.633199994000032,106.76004605195403,18,136,1,729,1393,138,1531,27
floyd-warshall,SMALL,15,ALL_BRAM,1.75,O3,20,5.633199994000032,106.76004605195403,18,136,1,729,1393,138,1531,27
floyd-warshall,SMALL,15,LSS,1.0,O0,13,5.633199994000032,106.76004605195403,14,95,0,505,1318,102,1420,17
floyd-warshall,SMALL,15,LSS,1.0,O2,18,5.633199994000032,106.76004605195403,24,136,0,825,1661,209,1870,30
floyd-warshall,SMALL,15,LSS,1.0,O3,18,5.633199994000032,106.76004605195403,24,136,0,825,1661,209,1870,30
floyd-warshall,SMALL,15,LSS,1.75,O0,13,5.633199994000032,106.76004605195403,14,95,0,505,1318,102,1420,17
floyd-warshall,SMALL,15,LSS,1.75,O2,18,5.633199994000032,106.76004605195403,24,136,0,825,1661,209,1870,30
floyd-warshall,SMALL,15,LSS,1.75,O3,18,5.633199994000032,106.76004605195403,24,136,0,825,1661,209,1870,30
gemm,MEDIUM,10,ALL_BRAM,1.0,O0,37,0.0363999969999984,100.3653297702541,35,199,5,956,6225,139,6364,29
gemm,MEDIUM,10,ALL_BRAM,1.0,O2,98,0.0363999969999984,100.3653297702541,96,332,47,1588,6862,378,7240,55
gemm,MEDIUM,10,ALL_BRAM,1.0,O3,131,0.0363999969999984,100.3653297702541,129,378,85,1937,7295,477,7772,68
gemm,MEDIUM,10,ALL_BRAM,1.75,O0,43,0.0170666606666802,100.17095837552512,41,199,5,956,6225,139,6364,29
gemm,MEDIUM,10,ALL_BRAM,1.75,O2,120,0.0170666606666802,100.17095837552512,118,332,47,1588,6862,378,7240,55
gemm,MEDIUM,10,ALL_BRAM,1.75,O3,163,0.0170666606666802,100.17095837552512,161,378,85,1937,7295,477,7772,68
gemm,MEDIUM,10,LSS,1.0,O0,37,0.0363999969999984,100.3653297702541,40,200,3,988,6527,141,6668,30
gemm,MEDIUM,10,LSS,1.0,O2,101,0.0363999969999984,100.3653297702541,115,333,20,1652,7164,442,7606,57
gemm,MEDIUM,10,LSS,1.0,O3,137,0.0363999969999984,100.3653297702541,159,380,85,1937,7631,511,8142,68
gemm,MEDIUM,10,LSS,1.75,O0,43,0.0170666606666802,100.17095837552512,46,200,3,988,6527,141,6668,30
gemm,MEDIUM,10,LSS,1.75,O2,123,0.0170666606666802,100.17095837552512,137,333,20,1652,7164,442,7606,57
gemm,MEDIUM,10,LSS,1.75,O3,169,0.0170666606666802,100.17095837552512,191,380,85,1937,7631,511,8142,68
gemm,MEDIUM,15,ALL_BRAM,1.0,O0,29,0.0494726426666805,66.88727267600325,27,199,0,956,6225,139,6364,29
gemm,MEDIUM,15,ALL_BRAM,1.0,O2,72,0.0494726426666236,66.887272676003,70,332,0,1588,6862,378,7240,55
gemm,MEDIUM,15,ALL_BRAM,1.0,O3,94,0.0494726426666236,66.887272676003,92,377,0,1873,7261,511,7772,66
gemm,MEDIUM,15,ALL_BRAM,1.75,O0,29,0.0494726426666805,66.88727267600325,27,199,0,956,6225,139,6364,29
gemm,MEDIUM,15,ALL_BRAM,1.75,O2,72,0.0494726426666236,66.887272676003,70,332,0,1588,6862,378,7240,55
gemm,MEDIUM,15,ALL_BRAM,1.75,O3,94,0.0494726426666236,66.887272676003,92,377,0,1873,7261,511,7772,66
gemm,MEDIUM,15,LSS,1.0,O0,30,0.0494726426666805,66.88727267600325,33,199,0,988,6493,141,6634,30
gemm,MEDIUM,15,LSS,1.0,O2,76,0.0494726426666236,66.887272676003,90,332,0,1652,7130,442,7572,57
gemm,MEDIUM,15,LSS,1.0,O3,102,0.0494726426667373,66.8872726760035,124,377,0,1937,7529,511,8040,68
gemm,MEDIUM,15,LSS,1.75,O0,30,0.0494726426666805,66.88727267600325,33,199,0,988,6493,141,6634,30
gemm,MEDIUM,15,LSS,1.75,O2,76,0.0494726426666236,66.887272676003,90,332,0,1652,7130,442,7572,57
gemm,MEDIUM,15,LSS,1.75,O3,102,0.0494726426667373,66.8872726760035,124,377,0,1937,7529,511,8040,68
gemm,SMALL,10,ALL_BRAM,1.0,O0,37,0.0363999969999984,100.3653297702541,35,214,5,958,6237,139,6376,29
gemm,SMALL,10,ALL_BRAM,1.0,O2,98,0.0363999969999984,100.3653297702541,96,353,47,1592,6878,378,7256,55
gemm,SMALL,10,ALL_BRAM,1.0,O3,131,0.0363999969999984,100.3653297702541,129,404,85,1942,7315,477,7792,68
gemm,SMALL,10,ALL_BRAM,1.75,O0,43,0.0170666606666802,100.17095837552512,41,214,5,958,6237,139,6376,29
gemm,SMALL,10,ALL_BRAM,1.75,O2,120,0.0170666606666802,100.17095837552512,118,353,47,1592,6878,378,7256,55
gemm,SMALL,10,ALL_BRAM,1.75,O3,163,0.0170666606666802,100.17095837552512,161,404,85,1942,7315,477,7792,68
gemm,SMALL,10,LSS,1.0,O0,37,0.0363999969999984,100.3653297702541,40,215,3,990,6539,141,6680,30
gemm,SMALL,10,LSS,1.0,O2,101,0.0363999969999984,100.3653297702541,115,354,20,1656,7180,442,7622,57
gemm,SMALL,10,LSS,1.0,O3,137,0.0363999969999984,100.3653297702541,159,406,85,1942,7651,511,8162,68
gemm,SMALL,10,LSS,1.75,O0,43,0.0170666606666802,100.17095837552512,46,215,3,990,6539,141,6680,30
gemm,SMALL,10,LSS,1.75,O2,123,0.0170666606666802,100.17095837552512,137,354,20,1656,7180,442,7622,57
gemm,SMALL,10,LSS,1.75,O3,169,0.0170666606666802,100.17095837552512,191,406,85,1942,7651,511,8162,68
gemm,SMALL,15,ALL_BRAM,1.0,O0,29,0.0494726426666805,66.88727267600325,27,214,0,958,6237,139,6376,29
gemm,SMALL,15,ALL_BRAM,1.0,O2,72,0.0494726426666236,66.887272676003,70,353,0,1592,6878,378,7256,55
gemm,SMALL,15,ALL_BRAM,1.0,O3,94,0.0494726426666236,66.887272676003,92,403,0,1878,7281,511,7792,66
gemm,SMALL,15,ALL_BRAM,1.75,O0,29,0.0494726426666805,66.88727267600325,27,214,0,958,6237,139,6376,29
gemm,SMALL,15,ALL_BRAM,1.75,O2,72,0.0494726426666236,66.887272676003,70,353,0,1592,6878,378,7256,55
gemm,SMALL,15,ALL_BRAM,1.75,O3,94,0.0494726426666236,66.887272676003,92,403,0,1878,7281,511,7792,66
gemm,SMALL,15,LSS,1.0,O0,30,0.0494726426666805,66.88727267600325,33,214,0,990,6505,141,6646,30
gemm,SMALL,15,LSS,1.0,O2,76,0.0494726426666236,66.887272676003,90,353,0,1656,7146,442,7588,57
gemm,SMALL,15,LSS,1.0,O3,102,0.0494726426667373,66.8872726760035,124,403,0,1942,7549,511,8060,68
gemm,SMALL,15,LSS,1.75,O0,30,0.0494726426666805,66.88727267600325,33,214,0,990,6505,141,6646,30
gemm,SMALL,15,LSS,1.75,O2,76,0.0494726426666236,66.887272676003,90,353,0,1656,7146,442,7588,57
gemm,SMALL,15,LSS,1.75,O3,102,0.0494726426667373,66.8872726760035,124,403,0,1942,7549,511,8060,68
gemver,MEDIUM,10,ALL_BRAM,1.0,O0,79,0.0363999969999984,100.3653297702541,79,172,42,1381,5558,345,5903,42
gemver,MEDIUM,10,ALL_BRAM,1.0,O2,222,0.0363999969998847,100.36532977025296,220,336,196,2432,6805,712,7517,78
gemver,MEDIUM,10,ALL_BRAM,1.0,O3,222,0.0363999969998847,100.36532977025296,220,336,196,2432,6805,712,7517,78
gemver,MEDIUM,10,ALL_BRAM,1.75,O0,91,0.0170666606666802,100.17095837552512,91,172,42,1381,5558,343,5901,42
gemver,MEDIUM,10,ALL_BRAM,1.75,O2,258,0.0170666606666802,100.17095837552512,256,336,196,2432,6805,732,7537,78
gemver,MEDIUM,10,ALL_BRAM,1.75,O3,258,0.0170666606666802,100.17095837552512,256,336,196,2432,6805,732,7537,78
gemver,MEDIUM,10,LSS,1.0,O0,79,0.0363999969999984,100.3653297702541,90,172,24,1477,5826,479,6305,45
gemver,MEDIUM,10,LSS,1.0,O2,216,0.0363999969998847,100.36532977025296,253,337,138,2624,7107,788,7895,84
gemver,MEDIUM,10,LSS,1.0,O3,216,0.0363999969998847,100.36532977025296,253,337,138,2624,7107,788,7895,84
gemver,MEDIUM,10,LSS,1.75,O0,91,0.0170666606666802,100.17095837552512,102,172,24,1477,5826,444,6270,45
gemver,MEDIUM,10,LSS,1.75,O2,252,0.0170666606666802,100.17095837552512,289,337,138,2624,7107,759,7866,84
gemver,MEDIUM,10,LSS,1.75,O3,252,0.0170666606666802,100.17095837552512,289,337,138,2624,7107,759,7866,84
gemver,MEDIUM,15,ALL_BRAM,1.0,O0,62,0.0494726426666236,66.887272676003,62,172,6,1381,5558,344,5902,41
gemver,MEDIUM,15,ALL_BRAM,1.0,O2,171,0.0494726426666236,66.887272676003,169,337,36,2368,6839,666,7505,75
gemver,MEDIUM,15,ALL_BRAM,1.0,O3,171,0.0494726426666236,66.887272676003,169,337,36,2368,6839,666,7505,75
gemver,MEDIUM,15,ALL_BRAM,1.75,O0,62,0.0494726426666236,66.887272676003,62,172,6,1381,5558,344,5902,41
gemver,MEDIUM,15,ALL_BRAM,1.75,O2,171,0.0494726426666236,66.887272676003,169,337,36,2368,6839,666,7505,75
gemver,MEDIUM,15,ALL_BRAM,1.75,O3,171,0.0494726426666236,66.887272676003,169,337,36,2368,6839,666,7505,75
gemver,MEDIUM,15,LSS,1.0,O0,63,0.0494726426666236,66.887272676003,73,172,0,1541,5826,476,6302,46
gemver,MEDIUM,15,LSS,1.0,O2,167,0.0494726426666236,66.887272676003,202,336,0,2688,7073,803,7876,85
gemver,MEDIUM,15,LSS,1.0,O3,167,0.0494726426666236,66.887272676003,202,336,0,2688,7073,803,7876,85
gemver,MEDIUM,15,LSS,1.75,O0,63,0.0494726426666236,66.887272676003,73,172,0,1541,5826,476,6302,46
gemver,MEDIUM,15,LSS,1.75,O2,167,0.0494726426666236,66.887272676003,202,336,0,2688,7073,803,7876,85
gemver,MEDIUM,15,LSS,1.75,O3,167,0.0494726426666236,66.887272676003,202,336,0,2688,7073,803,7876,85
gemver,SMALL,10,ALL_BRAM,1.0,O0,78,0.0363999969999984,100.3653297702541,78,136,15,1319,5429,345,5774,37
gemver,SMALL,10,ALL_BRAM,1.0,O2,220,0.0363999969998847,100.36532977025296,218,268,72,2338,6521,644,7165,72
gemver,SMALL,10,ALL_BRAM,1.0,O3,220,0.0363999969998847,100.36532977025296,218,268,72,2338,6521,644,7165,72
gemver,SMALL,10,ALL_BRAM,1.75,O0,90,0.0170666606666802,100.17095837552512,90,136,15,1319,5429,343,5772,37
gemver,SMALL,10,ALL_BRAM,1.75,O2,256,0.0170666606666802,100.17095837552512,254,268,72,2338,6521,632,7153,72
gemver,SMALL,10,ALL_BRAM,1.75,O3,256,0.0170666606666802,100.17095837552512,254,268,72,2338,6521,632,7153,72
gemver,SMALL,10,LSS,1.0,O0,78,0.0363999969999984,100.3653297702541,88,136,1,1447,5697,475,6172,41
gemver,SMALL,10,LSS,1.0,O2,214,0.0363999969998847,100.36532977025296,249,268,19,2594,6789,802,7591,80
gemver,SMALL,10,LSS,1.0,O3,214,0.0363999969998847,100.36532977025296,249,268,19,2594,6789,802,7591,80
gemver,SMALL,10,LSS,1.75,O0,90,0.0170666606666802,100.17095837552512,100,136,1,1447,5697,477,6174,41
gemver,SMALL,10,LSS,1.75,O2,250,0.0170666606666802,100.17095837552512,285,268,19,2594,6789,835,7624,80
gemver,SMALL,10,LSS,1.75,O3,250,0.0170666606666802,100.17095837552512,285,268,19,2594,6789,835,7624,80
gemver,SMALL,15,ALL_BRAM,1.0,O0,62,0.0494726426666236,66.887272676003,62,136,0,1351,5429,344,5773,37
gemver,SMALL,15,ALL_BRAM,1.0,O2,171,0.0494726426666236,66.887272676003,169,267,0,2338,6487,666,7153,71
gemver,SMALL,15,ALL_BRAM,1.0,O3,171,0.0494726426666236,66.887272676003,169,267,0,2338,6487,666,7153,71
gemver,SMALL,15,ALL_BRAM,1.75,O0,62,0.0494726426666236,66.887272676003,62,136,0,1351,5429,344,5773,37
gemver,SMALL,15,ALL_BRAM,1.75,O2,171,0.0494726426666236,66.887272676003,169,267,0,2338,6487,666,7153,71
gemver,SMALL,15,ALL_BRAM,1.75,O3,171,0.0494726426666236,66.887272676003,169,267,0,2338,6487,666,7153,71
gemver,SMALL,15,LSS,1.0,O0,63,0.0494726426666236,66.887272676003,73,136,0,1511,5697,476,6173,42
gemver,SMALL,15,LSS,1.0,O2,167,0.0494726426666236,66.887272676003,202,267,0,2658,6755,803,7558,81
gemver,SMALL,15,LSS,1.0,O3,167,0.0494726426666236,66.887272676003,202,267,0,2658,6755,803,7558,81
gemver,SMALL,15,LSS,1.75,O0,63,0.0494726426666236,66.887272676003,73,136,0,1511,5697,476,6173,42
gemver,SMALL,15,LSS,1.75,O2,167,0.0494726426666236,66.887272676003,202,267,0,2658,6755,803,7558,81
gemver,SMALL,15,LSS,1.75,O3,167,0.0494726426666236,66.887272676003,202,267,0,2658,6755,803,7558,81
gesummv,MEDIUM,10,ALL_BRAM,1.0,O0,52,0.0363999969999984,100.3653297702541,50,90,2,856,4927,278,5205,21
gesummv,MEDIUM,10,ALL_BRAM,1.0,O2,50,0.0363999969999984,100.3653297702541,48,90,2,792,4927,278,5205,20
gesummv,MEDIUM,10,ALL_BRAM,1.0,O3,50,0.0363999969999984,100.3653297702541,48,90,2,792,4927,278,5205,20
gesummv,MEDIUM,10,ALL_BRAM,1.75,O0,60,0.0170666606666802,100.17095837552512,58,90,2,856,4927,278,5205,21
gesummv,MEDIUM,10,ALL_BRAM,1.75,O2,58,0.0170666606666802,100.17095837552512,56,90,2,792,4927,278,5205,20
gesummv,MEDIUM,10,ALL_BRAM,1.75,O3,58,0.0170666606666802,100.17095837552512,56,90,2,792,4927,278,5205,20
gesummv,MEDIUM,10,LSS,1.0,O0,52,0.0363999969999984,100.3653297702541,60,90,0,792,5195,279,5474,20
gesummv,MEDIUM,10,LSS,1.0,O2,52,0.0363999969999984,100.3653297702541,60,90,0,856,5195,277,5472,21
gesummv,MEDIUM,10,LSS,1.0,O3,52,0.0363999969999984,100.3653297702541,60,90,0,856,5195,277,5472,21
gesummv,MEDIUM,10,LSS,1.75,O0,60,0.0170666606666802,100.17095837552512,68,90,0,792,5195,279,5474,20
gesummv,MEDIUM,10,LSS,1.75,O2,60,0.0170666606666802,100.17095837552512,68,90,0,856,5195,277,5472,21
gesummv,MEDIUM,10,LSS,1.75,O3,60,0.0170666606666802,100.17095837552512,68,90,0,856,5195,277,5472,21
gesummv,MEDIUM,15,ALL_BRAM,1.0,O0,41,0.0494726426666236,66.887272676003,39,90,0,760,4927,277,5204,19
gesummv,MEDIUM,15,ALL_BRAM,1.0,O2,39,0.0494726426666236,66.887272676003,37,90,0,824,4927,310,5237,20
gesummv,MEDIUM,15,ALL_BRAM,1.0,O3,39,0.0494726426666236,66.887272676003,37,90,0,824,4927,310,5237,20
gesummv,MEDIUM,15,ALL_BRAM,1.75,O0,41,0.0494726426666236,66.887272676003,39,90,0,760,4927,277,5204,19
gesummv,MEDIUM,15,ALL_BRAM,1.75,O2,39,0.0494726426666236,66.887272676003,37,90,0,824,4927,310,5237,20
gesummv,MEDIUM,15,ALL_BRAM,1.75,O3,39,0.0494726426666236,66.887272676003,37,90,0,824,4927,310,5237,20
gesummv,MEDIUM,15,LSS,1.0,O0,41,0.0494726426666236,66.887272676003,49,90,0,792,5195,279,5474,20
gesummv,MEDIUM,15,LSS,1.0,O2,41,0.0494726426666236,66.887272676003,49,90,0,856,5195,277,5472,21
gesummv,MEDIUM,15,LSS,1.0,O3,41,0.0494726426666236,66.887272676003,49,90,0,856,5195,277,5472,21
gesummv,MEDIUM,15,LSS,1.75,O0,41,0.0494726426666236,66.887272676003,49,90,0,792,5195,279,5474,20
gesummv,MEDIUM,15,LSS,1.75,O2,41,0.0494726426666236,66.887272676003,49,90,0,856,5195,277,5472,21
gesummv,MEDIUM,15,LSS,1.75,O3,41,0.0494726426666236,66.887272676003,49,90,0,856,5195,277,5472,21
gesummv,SMALL,10,ALL_BRAM,1.0,O0,52,0.0363999969999984,100.3653297702541,50,90,2,858,4927,278,5205,20
gesummv,SMALL,10,ALL_BRAM,1.0,O2,50,0.0363999969999984,100.3653297702541,48,90,2,794,4927,278,5205,19
gesummv,SMALL,10,ALL_BRAM,1.0,O3,50,0.0363999969999984,100.3653297702541,48,90,2,794,4927,278,5205,19
gesummv,SMALL,10,ALL_BRAM,1.75,O0,60,0.0170666606666802,100.17095837552512,58,90,2,858,4927,278,5205,20
gesummv,SMALL,10,ALL_BRAM,1.75,O2,58,0.0170666606666802,100.17095837552512,56,90,2,794,4927,278,5205,19
gesummv,SMALL,10,ALL_BRAM,1.75,O3,58,0.0170666606666802,100.17095837552512,56,90,2,794,4927,278,5205,19
gesummv,SMALL,10,LSS,1.0,O0,52,0.0363999969999984,100.3653297702541,60,90,0,794,5195,279,5474,19
gesummv,SMALL,10,LSS,1.0,O2,52,0.0363999969999984,100.3653297702541,60,90,0,858,5195,277,5472,20
gesummv,SMALL,10,LSS,1.0,O3,52,0.0363999969999984,100.3653297702541,60,90,0,858,5195,277,5472,20
gesummv,SMALL,10,LSS,1.75,O0,60,0.0170666606666802,100.17095837552512,68,90,0,794,5195,279,5474,19
gesummv,SMALL,10,LSS,1.75,O2,60,0.0170666606666802,100.17095837552512,68,90,0,858,5195,277,5472,20
gesummv,SMALL,10,LSS,1.75,O3,60,0.0170666606666802,100.17095837552512,68,90,0,858,5195,277,5472,20
gesummv,SMALL,15,ALL_BRAM,1.0,O0,41,0.0494726426666236,66.887272676003,39,90,0,762,4927,277,5204,18
gesummv,SMALL,15,ALL_BRAM,1.0,O2,39,0.0494726426666236,66.887272676003,37,90,0,826,4927,310,5237,19
gesummv,SMALL,15,ALL_BRAM,1.0,O3,39,0.0494726426666236,66.887272676003,37,90,0,826,4927,310,5237,19
gesummv,SMALL,15,ALL_BRAM,1.75,O0,41,0.0494726426666236,66.887272676003,39,90,0,762,4927,277,5204,18
gesummv,SMALL,15,ALL_BRAM,1.75,O2,39,0.0494726426666236,66.887272676003,37,90,0,826,4927,310,5237,19
gesummv,SMALL,15,ALL_BRAM,1.75,O3,39,0.0494726426666236,66.887272676003,37,90,0,826,4927,310,5237,19
gesummv,SMALL,15,LSS,1.0,O0,41,0.0494726426666236,66.887272676003,49,90,0,794,5195,279,5474,19
gesummv,SMALL,15,LSS,1.0,O2,41,0.0494726426666236,66.887272676003,49,90,0,858,5195,277,5472,20
gesummv,SMALL,15,LSS,1.0,O3,41,0.0494726426666236,66.887272676003,49,90,0,858,5195,277,5472,20
gesummv,SMALL,15,LSS,1.75,O0,41,0.0494726426666236,66.887272676003,49,90,0,794,5195,279,5474,19
gesummv,SMALL,15,LSS,1.75,O2,41,0.0494726426666236,66.887272676003,49,90,0,858,5195,277,5472,20
gesummv,SMALL,15,LSS,1.75,O3,41,0.0494726426666236,66.887272676003,49,90,0,858,5195,277,5472,20
jacobi-1d,MEDIUM,10,ALL_BRAM,1.0,O0,45,0.0363999969999984,100.3653297702541,43,100,0,677,4990,141,5131,20
jacobi-1d,MEDIUM,10,ALL_BRAM,1.0,O2,117,0.0363999969999984,100.3653297702541,115,189,0,1122,5648,339,5987,38
jacobi-1d,MEDIUM,10,ALL_BRAM,1.0,O3,116,0.0363999969999984,100.3653297702541,114,185,0,1088,5638,340,5978,35
jacobi-1d,MEDIUM,10,ALL_BRAM,1.75,O0,49,0.0363999969999984,100.3653297702541,47,100,0,677,4990,141,5131,20
jacobi-1d,MEDIUM,10,ALL_BRAM,1.75,O2,129,0.0363999969999984,100.3653297702541,127,189,0,1122,5648,339,5987,38
jacobi-1d,MEDIUM,10,ALL_BRAM,1.75,O3,128,0.0363999969999984,100.3653297702541,126,185,0,1088,5638,340,5978,35
jacobi-1d,MEDIUM,10,LSS,1.0,O0,47,0.0363999969999984,100.3653297702541,51,100,0,805,5258,207,5465,24
jacobi-1d,MEDIUM,10,LSS,1.0,O2,119,0.0363999969999984,100.3653297702541,135,189,0,1314,5916,345,6261,44
jacobi-1d,MEDIUM,10,LSS,1.0,O3,118,0.0363999969999984,100.3653297702541,134,185,0,1280,5906,378,6284,41
jacobi-1d,MEDIUM,10,LSS,1.75,O0,51,0.0363999969999984,100.3653297702541,55,100,0,805,5258,207,5465,24
jacobi-1d,MEDIUM,10,LSS,1.75,O2,131,0.0363999969999984,100.3653297702541,147,189,0,1314,5916,345,6261,44
jacobi-1d,MEDIUM,10,LSS,1.75,O3,130,0.0363999969999984,100.3653297702541,146,185,0,1280,5906,378,6284,41
jacobi-1d,MEDIUM,15,ALL_BRAM,1.0,O0,39,0.0494726426666805,66.88727267600325,37,100,0,677,4990,141,5131,20
jacobi-1d,MEDIUM,15,ALL_BRAM,1.0,O2,99,0.0494726426666236,66.887272676003,97,189,0,1122,5648,339,5987,38
jacobi-1d,MEDIUM,15,ALL_BRAM,1.0,O3,98,0.0494726426666236,66.887272676003,96,185,0,1088,5638,340,5978,35
jacobi-1d,MEDIUM,15,ALL_BRAM,1.75,O0,39,0.0494726426666805,66.88727267600325,37,100,0,677,4990,141,5131,20
jacobi-1d,MEDIUM,15,ALL_BRAM,1.75,O2,99,0.0494726426666236,66.887272676003,97,189,0,1122,5648,339,5987,38
jacobi-1d,MEDIUM,15,ALL_BRAM,1.75,O3,98,0.0494726426666236,66.887272676003,96,185,0,1088,5638,340,5978,35
jacobi-1d,MEDIUM,15,LSS,1.0,O0,41,0.0494726426666805,66.88727267600325,45,100,0,805,5258,207,5465,24
jacobi-1d,MEDIUM,15,LSS,1.0,O2,101,0.0494726426666236,66.887272676003,117,189,0,1314,5916,345,6261,44
jacobi-1d,MEDIUM,15,LSS,1.0,O3,100,0.0494726426666236,66.887272676003,116,185,0,1280,5906,378,6284,41
jacobi-1d,MEDIUM,15,LSS,1.75,O0,41,0.0494726426666805,66.88727267600325,45,100,0,805,5258,207,5465,24
jacobi-1d,MEDIUM,15,LSS,1.75,O2,101,0.0494726426666236,66.887272676003,117,189,0,1314,5916,345,6261,44
jacobi-1d,MEDIUM,15,LSS,1.75,O3,100,0.0494726426666236,66.887272676003,116,185,0,1280,5906,378,6284,41
jacobi-1d,SMALL,10,ALL_BRAM,1.0,O0,45,0.0363999969999984,100.3653297702541,43,100,0,677,4990,141,5131,20
jacobi-1d,SMALL,10,ALL_BRAM,1.0,O2,117,0.0363999969999984,100.3653297702541,115,189,0,1122,5648,339,5987,38
jacobi-1d,SMALL,10,ALL_BRAM,1.0,O3,116,0.0363999969999984,100.3653297702541,114,185,0,1088,5638,340,5978,35
jacobi-1d,SMALL,10,ALL_BRAM,1.75,O0,49,0.0363999969999984,100.3653297702541,47,100,0,677,4990,141,5131,20
jacobi-1d,SMALL,10,ALL_BRAM,1.75,O2,129,0.0363999969999984,100.3653297702541,127,189,0,1122,5648,339,5987,38
jacobi-1d,SMALL,10,ALL_BRAM,1.75,O3,128,0.0363999969999984,100.3653297702541,126,185,0,1088,5638,340,5978,35
jacobi-1d,SMALL,10,LSS,1.0,O0,47,0.0363999969999984,100.3653297702541,51,100,0,805,5258,207,5465,24
jacobi-1d,SMALL,10,LSS,1.0,O2,119,0.0363999969999984,100.3653297702541,135,189,0,1314,5916,345,6261,44
jacobi-1d,SMALL,10,LSS,1.0,O3,118,0.0363999969999984,100.3653297702541,134,185,0,1280,5906,378,6284,41
jacobi-1d,SMALL,10,LSS,1.75,O0,51,0.0363999969999984,100.3653297702541,55,100,0,805,5258,207,5465,24
jacobi-1d,SMALL,10,LSS,1.75,O2,131,0.0363999969999984,100.3653297702541,147,189,0,1314,5916,345,6261,44
jacobi-1d,SMALL,10,LSS,1.75,O3,130,0.0363999969999984,100.3653297702541,146,185,0,1280,5906,378,6284,41
jacobi-1d,SMALL,15,ALL_BRAM,1.0,O0,39,0.0494726426666805,66.88727267600325,37,100,0,677,4990,141,5131,20
jacobi-1d,SMALL,15,ALL_BRAM,1.0,O2,99,0.0494726426666236,66.887272676003,97,189,0,1122,5648,339,5987,38
jacobi-1d,SMALL,15,ALL_BRAM,1.0,O3,98,0.0494726426666236,66.887272676003,96,185,0,1088,5638,340,5978,35
jacobi-1d,SMALL,15,ALL_BRAM,1.75,O0,39,0.0494726426666805,66.88727267600325,37,100,0,677,4990,141,5131,20
jacobi-1d,SMALL,15,ALL_BRAM,1.75,O2,99,0.0494726426666236,66.887272676003,97,189,0,1122,5648,339,5987,38
jacobi-1d,SMALL,15,ALL_BRAM,1.75,O3,98,0.0494726426666236,66.887272676003,96,185,0,1088,5638,340,5978,35
jacobi-1d,SMALL,15,LSS,1.0,O0,41,0.0494726426666805,66.88727267600325,45,100,0,805,5258,207,5465,24
jacobi-1d,SMALL,15,LSS,1.0,O2,101,0.0494726426666236,66.887272676003,117,189,0,1314,5916,345,6261,44
jacobi-1d,SMALL,15,LSS,1.0,O3,100,0.0494726426666236,66.887272676003,116,185,0,1280,5906,378,6284,41
jacobi-1d,SMALL,15,LSS,1.75,O0,41,0.0494726426666805,66.88727267600325,45,100,0,805,5258,207,5465,24
jacobi-1d,SMALL,15,LSS,1.75,O2,101,0.0494726426666236,66.887272676003,117,189,0,1314,5916,345,6261,44
jacobi-1d,SMALL,15,LSS,1.75,O3,100,0.0494726426666236,66.887272676003,116,185,0,1280,5906,378,6284,41
jacobi-2d,MEDIUM,10,ALL_BRAM,1.0,O0,71,0.0363999969999984,100.3653297702541,69,202,28,1603,5980,240,6220,58
jacobi-2d,MEDIUM,10,ALL_BRAM,1.0,O2,70,0.0363999969999984,100.3653297702541,68,183,12,1689,5875,240,6115,56
jacobi-2d,MEDIUM,10,ALL_BRAM,1.0,O3,71,0.0363999969999984,100.3653297702541,69,180,12,1688,5875,240,6115,55
jacobi-2d,MEDIUM,10,ALL_BRAM,1.75,O0,75,0.0363999969999984,100.3653297702541,73,202,28,1603,5980,240,6220,58
jacobi-2d,MEDIUM,10,ALL_BRAM,1.75,O2,74,0.0363999969999984,100.3653297702541,72,183,12,1689,5875,240,6115,56
jacobi-2d,MEDIUM,10,ALL_BRAM,1.75,O3,75,0.0363999969999984,100.3653297702541,73,180,12,1688,5875,240,6115,55
jacobi-2d,MEDIUM,10,LSS,1.0,O0,75,0.0363999969999984,100.3653297702541,81,202,4,1731,6248,240,6488,62
jacobi-2d,MEDIUM,10,LSS,1.0,O2,72,0.0363999969999984,100.3653297702541,78,183,38,1689,6143,240,6383,56
jacobi-2d,MEDIUM,10,LSS,1.0,O3,73,0.0363999969999984,100.3653297702541,79,180,38,1688,6143,240,6383,55
jacobi-2d,MEDIUM,10,LSS,1.75,O0,79,0.0363999969999984,100.3653297702541,85,202,4,1731,6248,240,6488,62
jacobi-2d,MEDIUM,10,LSS,1.75,O2,76,0.0363999969999984,100.3653297702541,82,183,38,1689,6143,240,6383,56
jacobi-2d,MEDIUM,10,LSS,1.75,O3,77,0.0363999969999984,100.3653297702541,83,180,38,1688,6143,240,6383,55
jacobi-2d,MEDIUM,15,ALL_BRAM,1.0,O0,61,0.0494726426666236,66.887272676003,59,202,0,1603,5980,240,6220,58
jacobi-2d,MEDIUM,15,ALL_BRAM,1.0,O2,58,0.0494726426666236,66.887272676003,56,183,2,1561,5875,240,6115,52
jacobi-2d,MEDIUM,15,ALL_BRAM,1.0,O3,59,0.0494726426666236,66.887272676003,57,180,2,1560,5875,240,6115,51
jacobi-2d,MEDIUM,15,ALL_BRAM,1.75,O0,61,0.0494726426666236,66.887272676003,59,202,0,1603,5980,240,6220,58
jacobi-2d,MEDIUM,15,ALL_BRAM,1.75,O2,58,0.0494726426666236,66.887272676003,56,183,2,1561,5875,240,6115,52
jacobi-2d,MEDIUM,15,ALL_BRAM,1.75,O3,59,0.0494726426666236,66.887272676003,57,180,2,1560,5875,240,6115,51
jacobi-2d,MEDIUM,15,LSS,1.0,O0,65,0.0494726426666236,66.887272676003,71,202,0,1731,6248,240,6488,62
jacobi-2d,MEDIUM,15,LSS,1.0,O2,62,0.0494726426666236,66.887272676003,68,183,0,1689,6143,240,6383,56
jacobi-2d,MEDIUM,15,LSS,1.0,O3,63,0.0494726426666236,66.887272676003,69,180,0,1688,6143,240,6383,55
jacobi-2d,MEDIUM,15,LSS,1.75,O0,65,0.0494726426666236,66.887272676003,71,202,0,1731,6248,240,6488,62
jacobi-2d,MEDIUM,15,LSS,1.75,O2,62,0.0494726426666236,66.887272676003,68,183,0,1689,6143,240,6383,56
jacobi-2d,MEDIUM,15,LSS,1.75,O3,63,0.0494726426666236,66.887272676003,69,180,0,1688,6143,240,6383,55
jacobi-2d,SMALL,10,ALL_BRAM,1.0,O0,71,0.0363999969999984,100.3653297702541,69,202,28,1619,5980,240,6220,56
jacobi-2d,SMALL,10,ALL_BRAM,1.0,O2,70,0.0363999969999984,100.3653297702541,68,183,12,1699,5875,240,6115,52
jacobi-2d,SMALL,10,ALL_BRAM,1.0,O3,71,0.0363999969999984,100.3653297702541,69,180,12,1698,5875,240,6115,51
jacobi-2d,SMALL,10,ALL_BRAM,1.75,O0,75,0.0363999969999984,100.3653297702541,73,202,28,1619,5980,240,6220,56
jacobi-2d,SMALL,10,ALL_BRAM,1.75,O2,74,0.0363999969999984,100.3653297702541,72,183,12,1699,5875,240,6115,52
jacobi-2d,SMALL,10,ALL_BRAM,1.75,O3,75,0.0363999969999984,100.3653297702541,73,180,12,1698,5875,240,6115,51
jacobi-2d,SMALL,10,LSS,1.0,O0,75,0.0363999969999984,100.3653297702541,81,202,4,1747,6248,240,6488,60
jacobi-2d,SMALL,10,LSS,1.0,O2,72,0.0363999969999984,100.3653297702541,78,183,34,1699,6143,240,6383,52
jacobi-2d,SMALL,10,LSS,1.0,O3,73,0.0363999969999984,100.3653297702541,79,180,34,1698,6143,240,6383,51
jacobi-2d,SMALL,10,LSS,1.75,O0,79,0.0363999969999984,100.3653297702541,85,202,4,1747,6248,240,6488,60
jacobi-2d,SMALL,10,LSS,1.75,O2,76,0.0363999969999984,100.3653297702541,82,183,34,1699,6143,240,6383,52
jacobi-2d,SMALL,10,LSS,1.75,O3,77,0.0363999969999984,100.3653297702541,83,180,34,1698,6143,240,6383,51
jacobi-2d,SMALL,15,ALL_BRAM,1.0,O0,61,0.0494726426666236,66.887272676003,59,202,0,1619,5980,240,6220,56
jacobi-2d,SMALL,15,ALL_BRAM,1.0,O2,58,0.0494726426666236,66.887272676003,56,183,2,1571,5875,240,6115,48
jacobi-2d,SMALL,15,ALL_BRAM,1.0,O3,59,0.0494726426666236,66.887272676003,57,180,2,1570,5875,240,6115,47
jacobi-2d,SMALL,15,ALL_BRAM,1.75,O0,61,0.0494726426666236,66.887272676003,59,202,0,1619,5980,240,6220,56
jacobi-2d,SMALL,15,ALL_BRAM,1.75,O2,58,0.0494726426666236,66.887272676003,56,183,2,1571,5875,240,6115,48
jacobi-2d,SMALL,15,ALL_BRAM,1.75,O3,59,0.0494726426666236,66.887272676003,57,180,2,1570,5875,240,6115,47
jacobi-2d,SMALL,15,LSS,1.0,O0,65,0.0494726426666236,66.887272676003,71,202,0,1747,6248,240,6488,60
jacobi-2d,SMALL,15,LSS,1.0,O2,62,0.0494726426666236,66.887272676003,68,183,0,1699,6143,240,6383,52
jacobi-2d,SMALL,15,LSS,1.0,O3,63,0.0494726426666236,66.887272676003,69,180,0,1698,6143,240,6383,51
jacobi-2d,SMALL,15,LSS,1.75,O0,65,0.0494726426666236,66.887272676003,71,202,0,1747,6248,240,6488,60
jacobi-2d,SMALL,15,LSS,1.75,O2,62,0.0494726426666236,66.887272676003,68,183,0,1699,6143,240,6383,52
jacobi-2d,SMALL,15,LSS,1.75,O3,63,0.0494726426666236,66.887272676003,69,180,0,1698,6143,240,6383,51
mvt,MEDIUM,10,ALL_BRAM,1.0,O0,38,0.0363999969999984,100.3653297702541,38,119,21,658,5107,137,5244,20
mvt,MEDIUM,10,ALL_BRAM,1.0,O2,93,0.0363999969999984,100.3653297702541,91,216,96,1198,5742,309,6051,36
mvt,MEDIUM,10,ALL_BRAM,1.0,O3,93,0.0363999969999984,100.3653297702541,91,216,96,1198,5742,309,6051,36
mvt,MEDIUM,10,ALL_BRAM,1.75,O0,42,0.0170666606666802,100.17095837552512,42,119,21,658,5107,137,5244,20
mvt,MEDIUM,10,ALL_BRAM,1.75,O2,105,0.0170666606666802,100.17095837552512,103,216,96,1198,5742,309,6051,36
mvt,MEDIUM,10,ALL_BRAM,1.75,O3,105,0.0170666606666802,100.17095837552512,103,216,96,1198,5742,309,6051,36
mvt,MEDIUM,10,LSS,1.0,O0,37,0.0363999969999984,100.3653297702541,42,120,15,722,5375,171,5546,22
mvt,MEDIUM,10,LSS,1.0,O2,87,0.0363999969999984,100.3653297702541,101,217,90,1262,6044,406,6450,39
mvt,MEDIUM,10,LSS,1.0,O3,87,0.0363999969999984,100.3653297702541,101,217,90,1262,6044,406,6450,39
mvt,MEDIUM,10,LSS,1.75,O0,41,0.0170666606666802,100.17095837552512,46,120,15,722,5375,171,5546,22
mvt,MEDIUM,10,LSS,1.75,O2,99,0.0170666606666802,100.17095837552512,113,217,90,1262,6044,406,6450,39
mvt,MEDIUM,10,LSS,1.75,O3,99,0.0170666606666802,100.17095837552512,113,217,90,1262,6044,406,6450,39
mvt,MEDIUM,15,ALL_BRAM,1.0,O0,30,0.0494726426666805,66.88727267600325,30,120,4,594,5107,106,5213,18
mvt,MEDIUM,15,ALL_BRAM,1.0,O2,71,0.0494726426666236,66.887272676003,69,217,26,1006,5776,240,6016,31
mvt,MEDIUM,15,ALL_BRAM,1.0,O3,71,0.0494726426666236,66.887272676003,69,217,26,1006,5776,240,6016,31
mvt,MEDIUM,15,ALL_BRAM,1.75,O0,30,0.0494726426666805,66.88727267600325,30,120,4,594,5107,106,5213,18
mvt,MEDIUM,15,ALL_BRAM,1.75,O2,71,0.0494726426666236,66.887272676003,69,217,26,1006,5776,240,6016,31
mvt,MEDIUM,15,ALL_BRAM,1.75,O3,71,0.0494726426666236,66.887272676003,69,217,26,1006,5776,240,6016,31
mvt,MEDIUM,15,LSS,1.0,O0,30,0.0494726426666805,66.88727267600325,34,120,0,722,5375,172,5547,22
mvt,MEDIUM,15,LSS,1.0,O2,67,0.0494726426666236,66.887272676003,79,216,0,1262,6010,340,6350,39
mvt,MEDIUM,15,LSS,1.0,O3,67,0.0494726426666236,66.887272676003,79,216,0,1262,6010,340,6350,39
mvt,MEDIUM,15,LSS,1.75,O0,30,0.0494726426666805,66.88727267600325,34,120,0,722,5375,172,5547,22
mvt,MEDIUM,15,LSS,1.75,O2,67,0.0494726426666236,66.887272676003,79,216,0,1262,6010,340,6350,39
mvt,MEDIUM,15,LSS,1.75,O3,67,0.0494726426666236,66.887272676003,79,216,0,1262,6010,340,6350,39
mvt,SMALL,10,ALL_BRAM,1.0,O0,37,0.0363999969999984,100.3653297702541,37,96,10,611,5021,106,5127,17
mvt,SMALL,10,ALL_BRAM,1.0,O2,91,0.0363999969999984,100.3653297702541,89,164,48,1055,5537,340,5877,31
mvt,SMALL,10,ALL_BRAM,1.0,O3,91,0.0363999969999984,100.3653297702541,89,164,48,1055,5537,340,5877,31
mvt,SMALL,10,ALL_BRAM,1.75,O0,41,0.0170666606666802,100.17095837552512,41,96,10,611,5021,106,5127,17
mvt,SMALL,10,ALL_BRAM,1.75,O2,103,0.0170666606666802,100.17095837552512,101,164,48,1055,5537,340,5877,31
mvt,SMALL,10,ALL_BRAM,1.75,O3,103,0.0170666606666802,100.17095837552512,101,164,48,1055,5537,340,5877,31
mvt,SMALL,10,LSS,1.0,O0,36,0.0363999969999984,100.3653297702541,40,96,1,707,5289,172,5461,20
mvt,SMALL,10,LSS,1.0,O2,85,0.0363999969999984,100.3653297702541,97,164,15,1247,5805,340,6145,37
mvt,SMALL,10,LSS,1.0,O3,85,0.0363999969999984,100.3653297702541,97,164,15,1247,5805,340,6145,37
mvt,SMALL,10,LSS,1.75,O0,40,0.0170666606666802,100.17095837552512,44,96,1,707,5289,172,5461,20
mvt,SMALL,10,LSS,1.75,O2,97,0.0170666606666802,100.17095837552512,109,164,15,1247,5805,340,6145,37
mvt,SMALL,10,LSS,1.75,O3,97,0.0170666606666802,100.17095837552512,109,164,15,1247,5805,340,6145,37
mvt,SMALL,15,ALL_BRAM,1.0,O0,30,0.0494726426666805,66.88727267600325,30,96,0,579,5021,106,5127,16
mvt,SMALL,15,ALL_BRAM,1.0,O2,71,0.0494726426666236,66.887272676003,69,163,0,991,5503,240,5743,29
mvt,SMALL,15,ALL_BRAM,1.0,O3,71,0.0494726426666236,66.887272676003,69,163,0,991,5503,240,5743,29
mvt,SMALL,15,ALL_BRAM,1.75,O0,30,0.0494726426666805,66.88727267600325,30,96,0,579,5021,106,5127,16
mvt,SMALL,15,ALL_BRAM,1.75,O2,71,0.0494726426666236,66.887272676003,69,163,0,991,5503,240,5743,29
mvt,SMALL,15,ALL_BRAM,1.75,O3,71,0.0494726426666236,66.887272676003,69,163,0,991,5503,240,5743,29
mvt,SMALL,15,LSS,1.0,O0,30,0.0494726426666805,66.88727267600325,34,96,0,707,5289,172,5461,20
mvt,SMALL,15,LSS,1.0,O2,67,0.0494726426666236,66.887272676003,79,163,0,1247,5771,340,6111,37
mvt,SMALL,15,LSS,1.0,O3,67,0.0494726426666236,66.887272676003,79,163,0,1247,5771,340,6111,37
mvt,SMALL,15,LSS,1.75,O0,30,0.0494726426666805,66.88727267600325,34,96,0,707,5289,172,5461,20
mvt,SMALL,15,LSS,1.75,O2,67,0.0494726426666236,66.887272676003,79,163,0,1247,5771,340,6111,37
mvt,SMALL,15,LSS,1.75,O3,67,0.0494726426666236,66.887272676003,79,163,0,1247,5771,340,6111,37
nussinov,MEDIUM,10,ALL_BRAM,1.0,O0,30,0.3925119950000439,104.08547993810424,29,150,23,1201,1273,177,1450,45
nussinov,MEDIUM,10,ALL_BRAM,1.0,O2,36,0.6331999910001489,106.76004601776224,34,199,40,1572,1750,208,1958,61
nussinov,MEDIUM,10,ALL_BRAM,1.0,O3,36,0.3925119950000439,104.08547993810424,34,202,54,1731,1853,210,2063,65
nussinov,MEDIUM,10,ALL_BRAM,1.75,O0,30,0.3925119950000439,104.08547993810424,29,150,23,1201,1273,177,1450,45
nussinov,MEDIUM,10,ALL_BRAM,1.75,O2,36,0.6331999910001489,106.76004601776224,34,199,40,1572,1750,208,1958,61
nussinov,MEDIUM,10,ALL_BRAM,1.75,O3,36,0.3925119950000439,104.08547993810424,34,202,54,1731,1853,210,2063,65
nussinov,MEDIUM,10,LSS,1.0,O0,28,0.6331999940000888,106.76004605195467,40,149,16,1441,1507,308,1815,54
nussinov,MEDIUM,10,LSS,1.0,O2,32,0.6331999910001205,106.76004601776194,45,199,30,1843,2018,342,2360,70
nussinov,MEDIUM,10,LSS,1.0,O3,33,0.6331999910001205,106.76004601776194,46,202,41,1907,2121,342,2463,72
nussinov,MEDIUM,10,LSS,1.75,O0,28,0.6331999940000888,106.76004605195467,40,149,16,1441,1507,308,1815,54
nussinov,MEDIUM,10,LSS,1.75,O2,32,0.6331999910001205,106.76004601776194,45,199,30,1843,2018,342,2360,70
nussinov,MEDIUM,10,LSS,1.75,O3,33,0.6331999910001205,106.76004601776194,46,202,41,1907,2121,342,2463,72
nussinov,MEDIUM,15,ALL_BRAM,1.0,O0,30,2.358911993000058,79.107114786817,29,149,8,1201,1239,177,1416,45
nussinov,MEDIUM,15,ALL_BRAM,1.0,O2,35,3.3755999910002377,86.02594535853781,33,199,8,1539,1750,208,1958,59
nussinov,MEDIUM,15,ALL_BRAM,1.0,O3,35,2.358911993000058,79.107114786817,33,202,8,1667,1853,210,2063,63
nussinov,MEDIUM,15,ALL_BRAM,1.75,O0,30,2.358911993000058,79.107114786817,29,149,8,1201,1239,177,1416,45
nussinov,MEDIUM,15,ALL_BRAM,1.75,O2,35,3.3755999910002377,86.02594535853781,33,199,8,1539,1750,208,1958,59
nussinov,MEDIUM,15,ALL_BRAM,1.75,O3,35,2.358911993000058,79.107114786817,33,202,8,1667,1853,210,2063,63
nussinov,MEDIUM,15,LSS,1.0,O0,26,1.9989999940002097,76.91716018294848,37,149,1,1377,1507,311,1818,52
nussinov,MEDIUM,15,LSS,1.0,O2,31,1.9989999940002097,76.91716018294848,43,199,0,1747,2018,277,2295,67
nussinov,MEDIUM,15,LSS,1.0,O3,32,1.9989999940002097,76.91716018294848,44,202,0,1779,2121,311,2432,68
nussinov,MEDIUM,15,LSS,1.75,O0,26,1.9989999940002097,76.91716018294848,37,149,1,1377,1507,311,1818,52
nussinov,MEDIUM,15,LSS,1.75,O2,31,1.9989999940002097,76.91716018294848,43,199,0,1747,2018,277,2295,67
nussinov,MEDIUM,15,LSS,1.75,O3,32,1.9989999940002097,76.91716018294848,44,202,0,1779,2121,311,2432,68
nussinov,SMALL,10,ALL_BRAM,1.0,O0,30,0.3925119950000439,104.08547993810424,29,150,17,1205,1273,177,1450,43
nussinov,SMALL,10,ALL_BRAM,1.0,O2,36,0.6331999910001489,106.76004601776224,34,199,36,1607,1750,208,1958,60
nussinov,SMALL,10,ALL_BRAM,1.0,O3,36,0.3925119950000439,104.08547993810424,34,202,45,1766,1853,210,2063,64
nussinov,SMALL,10,ALL_BRAM,1.75,O0,30,0.3925119950000439,104.08547993810424,29,150,17,1205,1273,177,1450,43
nussinov,SMALL,10,ALL_BRAM,1.75,O2,36,0.6331999910001489,106.76004601776224,34,199,36,1607,1750,208,1958,60
nussinov,SMALL,10,ALL_BRAM,1.75,O3,36,0.3925119950000439,104.08547993810424,34,202,45,1766,1853,210,2063,64
nussinov,SMALL,10,LSS,1.0,O0,28,0.6331999940000888,106.76004605195467,40,149,13,1445,1507,308,1815,52
nussinov,SMALL,10,LSS,1.0,O2,32,0.6331999910001205,106.76004601776194,45,199,24,1878,2018,342,2360,69
nussinov,SMALL,10,LSS,1.0,O3,33,0.6331999910001205,106.76004601776194,46,202,31,1942,2121,342,2463,71
nussinov,SMALL,10,LSS,1.75,O0,28,0.6331999940000888,106.76004605195467,40,149,13,1445,1507,308,1815,52
nussinov,SMALL,10,LSS,1.75,O2,32,0.6331999910001205,106.76004601776194,45,199,24,1878,2018,342,2360,69
nussinov,SMALL,10,LSS,1.75,O3,33,0.6331999910001205,106.76004601776194,46,202,31,1942,2121,342,2463,71
nussinov,SMALL,15,ALL_BRAM,1.0,O0,30,2.358911993000058,79.107114786817,29,149,8,1205,1239,177,1416,43
nussinov,SMALL,15,ALL_BRAM,1.0,O2,35,3.3755999910002377,86.02594535853781,33,199,10,1574,1750,208,1958,58
nussinov,SMALL,15,ALL_BRAM,1.0,O3,35,2.358911993000058,79.107114786817,33,202,10,1702,1853,210,2063,62
nussinov,SMALL,15,ALL_BRAM,1.75,O0,30,2.358911993000058,79.107114786817,29,149,8,1205,1239,177,1416,43
nussinov,SMALL,15,ALL_BRAM,1.75,O2,35,3.3755999910002377,86.02594535853781,33,199,10,1574,1750,208,1958,58
nussinov,SMALL,15,ALL_BRAM,1.75,O3,35,2.358911993000058,79.107114786817,33,202,10,1702,1853,210,2063,62
nussinov,SMALL,15,LSS,1.0,O0,26,1.9989999940002097,76.91716018294848,37,149,1,1381,1507,311,1818,50
nussinov,SMALL,15,LSS,1.0,O2,31,1.9989999940002097,76.91716018294848,43,199,0,1782,2018,277,2295,66
nussinov,SMALL,15,LSS,1.0,O3,32,1.9989999940002097,76.91716018294848,44,202,0,1814,2121,311,2432,67
nussinov,SMALL,15,LSS,1.75,O0,26,1.9989999940002097,76.91716018294848,37,149,1,1381,1507,311,1818,50
nussinov,SMALL,15,LSS,1.75,O2,31,1.9989999940002097,76.91716018294848,43,199,0,1782,2018,277,2295,66
nussinov,SMALL,15,LSS,1.75,O3,32,1.9989999940002097,76.91716018294848,44,202,0,1814,2121,311,2432,67
seidel-2d,MEDIUM,10,ALL_BRAM,1.0,O0,57,8.881784197001252,100.00000000000009,57,136,9,1427,5100,239,5339,47
seidel-2d,MEDIUM,10,ALL_BRAM,1.0,O2,55,8.881784197001252,100.00000000000009,55,113,16,1145,4813,239,5052,28
seidel-2d,MEDIUM,10,ALL_BRAM,1.0,O3,54,8.881784197001252,100.00000000000009,54,108,16,1112,4817,239,5056,26
seidel-2d,MEDIUM,10,ALL_BRAM,1.75,O0,57,8.881784197001252,100.00000000000009,57,136,9,1427,5100,239,5339,47
seidel-2d,MEDIUM,10,ALL_BRAM,1.75,O2,55,8.881784197001252,100.00000000000009,55,113,16,1145,4813,239,5052,28
seidel-2d,MEDIUM,10,ALL_BRAM,1.75,O3,54,8.881784197001252,100.00000000000009,54,108,16,1112,4817,239,5056,26
seidel-2d,MEDIUM,10,LSS,1.0,O0,58,8.881784197001252,100.00000000000009,63,136,8,1459,5368,243,5611,48
seidel-2d,MEDIUM,10,LSS,1.0,O2,57,8.881784197001252,100.00000000000009,62,113,5,1209,5081,245,5326,30
seidel-2d,MEDIUM,10,LSS,1.0,O3,56,8.881784197001252,100.00000000000009,61,108,5,1176,5085,245,5330,28
seidel-2d,MEDIUM,10,LSS,1.75,O0,58,8.881784197001252,100.00000000000009,63,136,8,1459,5368,243,5611,48
seidel-2d,MEDIUM,10,LSS,1.75,O2,57,8.881784197001252,100.00000000000009,62,113,5,1209,5081,245,5326,30
seidel-2d,MEDIUM,10,LSS,1.75,O3,56,8.881784197001252,100.00000000000009,61,108,5,1176,5085,245,5330,28
seidel-2d,MEDIUM,15,ALL_BRAM,1.0,O0,47,8.881784197001252,66.6666666666667,47,136,0,1363,5100,239,5339,45
seidel-2d,MEDIUM,15,ALL_BRAM,1.0,O2,46,8.881784197001252,66.6666666666667,46,113,0,1145,4813,239,5052,28
seidel-2d,MEDIUM,15,ALL_BRAM,1.0,O3,45,8.881784197001252,66.6666666666667,45,108,0,1112,4817,239,5056,26
seidel-2d,MEDIUM,15,ALL_BRAM,1.75,O0,47,8.881784197001252,66.6666666666667,47,136,0,1363,5100,239,5339,45
seidel-2d,MEDIUM,15,ALL_BRAM,1.75,O2,46,8.881784197001252,66.6666666666667,46,113,0,1145,4813,239,5052,28
seidel-2d,MEDIUM,15,ALL_BRAM,1.75,O3,45,8.881784197001252,66.6666666666667,45,108,0,1112,4817,239,5056,26
seidel-2d,MEDIUM,15,LSS,1.0,O0,50,8.881784197001252,66.6666666666667,55,136,0,1459,5368,243,5611,48
seidel-2d,MEDIUM,15,LSS,1.0,O2,49,8.881784197001252,66.6666666666667,54,113,0,1209,5081,245,5326,30
seidel-2d,MEDIUM,15,LSS,1.0,O3,48,8.881784197001252,66.6666666666667,53,108,0,1176,5085,245,5330,28
seidel-2d,MEDIUM,15,LSS,1.75,O0,50,8.881784197001252,66.6666666666667,55,136,0,1459,5368,243,5611,48
seidel-2d,MEDIUM,15,LSS,1.75,O2,49,8.881784197001252,66.6666666666667,54,113,0,1209,5081,245,5326,30
seidel-2d,MEDIUM,15,LSS,1.75,O3,48,8.881784197001252,66.6666666666667,53,108,0,1176,5085,245,5330,28
seidel-2d,SMALL,10,ALL_BRAM,1.0,O0,55,8.881784197001252,100.00000000000009,55,88,8,1315,4928,239,5167,35
seidel-2d,SMALL,10,ALL_BRAM,1.0,O2,54,8.881784197001252,100.00000000000009,54,77,10,1146,4684,239,4923,28
seidel-2d,SMALL,10,ALL_BRAM,1.0,O3,53,8.881784197001252,100.00000000000009,53,72,10,1113,4688,239,4927,26
seidel-2d,SMALL,10,ALL_BRAM,1.75,O0,55,8.881784197001252,100.00000000000009,55,88,8,1315,4928,239,5167,35
seidel-2d,SMALL,10,ALL_BRAM,1.75,O2,54,8.881784197001252,100.00000000000009,54,77,10,1146,4684,239,4923,28
seidel-2d,SMALL,10,ALL_BRAM,1.75,O3,53,8.881784197001252,100.00000000000009,53,72,10,1113,4688,239,4927,26
seidel-2d,SMALL,10,LSS,1.0,O0,58,8.881784197001252,100.00000000000009,63,88,0,1411,5196,243,5439,38
seidel-2d,SMALL,10,LSS,1.0,O2,57,8.881784197001252,100.00000000000009,62,77,0,1210,4952,245,5197,30
seidel-2d,SMALL,10,LSS,1.0,O3,56,8.881784197001252,100.00000000000009,61,72,0,1177,4956,245,5201,28
seidel-2d,SMALL,10,LSS,1.75,O0,58,8.881784197001252,100.00000000000009,63,88,0,1411,5196,243,5439,38
seidel-2d,SMALL,10,LSS,1.75,O2,57,8.881784197001252,100.00000000000009,62,77,0,1210,4952,245,5197,30
seidel-2d,SMALL,10,LSS,1.75,O3,56,8.881784197001252,100.00000000000009,61,72,0,1177,4956,245,5201,28
seidel-2d,SMALL,15,ALL_BRAM,1.0,O0,47,8.881784197001252,66.6666666666667,47,88,0,1315,4928,239,5167,35
seidel-2d,SMALL,15,ALL_BRAM,1.0,O2,46,8.881784197001252,66.6666666666667,46,77,0,1146,4684,239,4923,28
seidel-2d,SMALL,15,ALL_BRAM,1.0,O3,45,8.881784197001252,66.6666666666667,45,72,0,1113,4688,239,4927,26
seidel-2d,SMALL,15,ALL_BRAM,1.75,O0,47,8.881784197001252,66.6666666666667,47,88,0,1315,4928,239,5167,35
seidel-2d,SMALL,15,ALL_BRAM,1.75,O2,46,8.881784197001252,66.6666666666667,46,77,0,1146,4684,239,4923,28
seidel-2d,SMALL,15,ALL_BRAM,1.75,O3,45,8.881784197001252,66.6666666666667,45,72,0,1113,4688,239,4927,26
seidel-2d,SMALL,15,LSS,1.0,O0,50,8.881784197001252,66.6666666666667,55,88,0,1411,5196,243,5439,38
seidel-2d,SMALL,15,LSS,1.0,O2,49,8.881784197001252,66.6666666666667,54,77,0,1210,4952,245,5197,30
seidel-2d,SMALL,15,LSS,1.0,O3,48,8.881784197001252,66.6666666666667,53,72,0,1177,4956,245,5201,28
seidel-2d,SMALL,15,LSS,1.75,O0,50,8.881784197001252,66.6666666666667,55,88,0,1411,5196,243,5439,38
seidel-2d,SMALL,15,LSS,1.75,O2,49,8.881784197001252,66.6666666666667,54,77,0,1210,4952,245,5197,30
seidel-2d,SMALL,15,LSS,1.75,O3,48,8.881784197001252,66.6666666666667,53,72,0,1177,4956,245,5201,28
symm,MEDIUM,10,ALL_BRAM,1.0,O0,70,0.0363999969999984,100.3653297702541,68,157,1,1333,5728,246,5974,35
symm,MEDIUM,10,ALL_BRAM,1.0,O2,70,0.0363999969999984,100.3653297702541,68,157,1,1333,5728,246,5974,35
symm,MEDIUM,10,ALL_BRAM,1.0,O3,159,0.0363999969999984,100.3653297702541,157,204,19,1443,6005,345,6350,40
symm,MEDIUM,10,ALL_BRAM,1.75,O0,84,0.0170666606666802,100.17095837552512,82,157,1,1333,5728,246,5974,35
symm,MEDIUM,10,ALL_BRAM,1.75,O2,84,0.0170666606666802,100.17095837552512,82,157,1,1333,5728,246,5974,35
symm,MEDIUM,10,ALL_BRAM,1.75,O3,193,0.0170666606666802,100.17095837552512,191,204,19,1443,6005,345,6350,40
symm,MEDIUM,10,LSS,1.0,O0,72,0.0363999969999984,100.3653297702541,77,157,0,1333,5996,246,6242,35
symm,MEDIUM,10,LSS,1.0,O2,72,0.0363999969999984,100.3653297702541,77,157,0,1333,5996,246,6242,35
symm,MEDIUM,10,LSS,1.0,O3,161,0.0363999969999984,100.3653297702541,174,204,9,1507,6273,379,6652,42
symm,MEDIUM,10,LSS,1.75,O0,86,0.0170666606666802,100.17095837552512,91,157,0,1333,5996,246,6242,35
symm,MEDIUM,10,LSS,1.75,O2,86,0.0170666606666802,100.17095837552512,91,157,0,1333,5996,246,6242,35
symm,MEDIUM,10,LSS,1.75,O3,195,0.0170666606666802,100.17095837552512,208,204,9,1507,6273,379,6652,42
symm,MEDIUM,15,ALL_BRAM,1.0,O0,52,0.0494726426666236,66.887272676003,50,157,0,1333,5728,246,5974,35
symm,MEDIUM,15,ALL_BRAM,1.0,O2,52,0.0494726426666236,66.887272676003,50,157,0,1333,5728,246,5974,35
symm,MEDIUM,15,ALL_BRAM,1.0,O3,115,0.0494726426666236,66.887272676003,113,204,0,1443,6005,345,6350,40
symm,MEDIUM,15,ALL_BRAM,1.75,O0,52,0.0494726426666236,66.887272676003,50,157,0,1333,5728,246,5974,35
symm,MEDIUM,15,ALL_BRAM,1.75,O2,52,0.0494726426666236,66.887272676003,50,157,0,1333,5728,246,5974,35
symm,MEDIUM,15,ALL_BRAM,1.75,O3,115,0.0494726426666236,66.887272676003,113,204,0,1443,6005,345,6350,40
symm,MEDIUM,15,LSS,1.0,O0,54,0.0494726426666236,66.887272676003,59,157,0,1333,5996,246,6242,35
symm,MEDIUM,15,LSS,1.0,O2,54,0.0494726426666236,66.887272676003,59,157,0,1333,5996,246,6242,35
symm,MEDIUM,15,LSS,1.0,O3,117,0.0494726426666236,66.887272676003,130,204,0,1507,6273,379,6652,42
symm,MEDIUM,15,LSS,1.75,O0,54,0.0494726426666236,66.887272676003,59,157,0,1333,5996,246,6242,35
symm,MEDIUM,15,LSS,1.75,O2,54,0.0494726426666236,66.887272676003,59,157,0,1333,5996,246,6242,35
symm,MEDIUM,15,LSS,1.75,O3,117,0.0494726426666236,66.887272676003,130,204,0,1507,6273,379,6652,42
symm,SMALL,10,ALL_BRAM,1.0,O0,70,0.0363999969999984,100.3653297702541,68,155,0,1316,5693,246,5939,33
symm,SMALL,10,ALL_BRAM,1.0,O2,70,0.0363999969999984,100.3653297702541,68,155,0,1316,5693,246,5939,33
symm,SMALL,10,ALL_BRAM,1.0,O3,159,0.0363999969999984,100.3653297702541,157,202,7,1443,5970,345,6315,40
symm,SMALL,10,ALL_BRAM,1.75,O0,84,0.0170666606666802,100.17095837552512,82,155,0,1316,5693,246,5939,33
symm,SMALL,10,ALL_BRAM,1.75,O2,84,0.0170666606666802,100.17095837552512,82,155,0,1316,5693,246,5939,33
symm,SMALL,10,ALL_BRAM,1.75,O3,193,0.0170666606666802,100.17095837552512,191,202,7,1443,5970,345,6315,40
symm,SMALL,10,LSS,1.0,O0,72,0.0363999969999984,100.3653297702541,77,155,0,1316,5961,246,6207,33
symm,SMALL,10,LSS,1.0,O2,72,0.0363999969999984,100.3653297702541,77,155,0,1316,5961,246,6207,33
symm,SMALL,10,LSS,1.0,O3,161,0.0363999969999984,100.3653297702541,174,202,0,1507,6238,379,6617,42
symm,SMALL,10,LSS,1.75,O0,86,0.0170666606666802,100.17095837552512,91,155,0,1316,5961,246,6207,33
symm,SMALL,10,LSS,1.75,O2,86,0.0170666606666802,100.17095837552512,91,155,0,1316,5961,246,6207,33
symm,SMALL,10,LSS,1.75,O3,195,0.0170666606666802,100.17095837552512,208,202,0,1507,6238,379,6617,42
symm,SMALL,15,ALL_BRAM,1.0,O0,52,0.0494726426666236,66.887272676003,50,155,0,1316,5693,246,5939,33
symm,SMALL,15,ALL_BRAM,1.0,O2,52,0.0494726426666236,66.887272676003,50,155,0,1316,5693,246,5939,33
symm,SMALL,15,ALL_BRAM,1.0,O3,115,0.0494726426666236,66.887272676003,113,202,0,1443,5970,345,6315,40
symm,SMALL,15,ALL_BRAM,1.75,O0,52,0.0494726426666236,66.887272676003,50,155,0,1316,5693,246,5939,33
symm,SMALL,15,ALL_BRAM,1.75,O2,52,0.0494726426666236,66.887272676003,50,155,0,1316,5693,246,5939,33
symm,SMALL,15,ALL_BRAM,1.75,O3,115,0.0494726426666236,66.887272676003,113,202,0,1443,5970,345,6315,40
symm,SMALL,15,LSS,1.0,O0,54,0.0494726426666236,66.887272676003,59,155,0,1316,5961,246,6207,33
symm,SMALL,15,LSS,1.0,O2,54,0.0494726426666236,66.887272676003,59,155,0,1316,5961,246,6207,33
symm,SMALL,15,LSS,1.0,O3,117,0.0494726426666236,66.887272676003,130,202,0,1507,6238,379,6617,42
symm,SMALL,15,LSS,1.75,O0,54,0.0494726426666236,66.887272676003,59,155,0,1316,5961,246,6207,33
symm,SMALL,15,LSS,1.75,O2,54,0.0494726426666236,66.887272676003,59,155,0,1316,5961,246,6207,33
symm,SMALL,15,LSS,1.75,O3,117,0.0494726426666236,66.887272676003,130,202,0,1507,6238,379,6617,42
syr2k,MEDIUM,10,ALL_BRAM,1.0,O0,51,0.0363999969999984,100.3653297702541,49,170,19,1205,5818,246,6064,33
syr2k,MEDIUM,10,ALL_BRAM,1.0,O2,77,0.0363999969999984,100.3653297702541,75,248,17,1527,6057,345,6402,46
syr2k,MEDIUM,10,ALL_BRAM,1.0,O3,111,0.0363999969999984,100.3653297702541,109,311,36,1914,6499,477,6976,62
syr2k,MEDIUM,10,ALL_BRAM,1.75,O0,61,0.0170666606666802,100.17095837552512,59,170,19,1205,5818,246,6064,33
syr2k,MEDIUM,10,ALL_BRAM,1.75,O2,95,0.0170666606666802,100.17095837552512,93,248,17,1527,6057,345,6402,46
syr2k,MEDIUM,10,ALL_BRAM,1.75,O3,139,0.0170666606666802,100.17095837552512,137,311,36,1914,6499,477,6976,62
syr2k,MEDIUM,10,LSS,1.0,O0,52,0.0363999969999984,100.3653297702541,56,170,13,1205,6086,278,6364,33
syr2k,MEDIUM,10,LSS,1.0,O2,82,0.0363999969999984,100.3653297702541,92,248,8,1527,6325,412,6737,46
syr2k,MEDIUM,10,LSS,1.0,O3,120,0.036399997000112,100.36532977025526,138,311,18,1914,6767,479,7246,62
syr2k,MEDIUM,10,LSS,1.75,O0,62,0.0170666606666802,100.17095837552512,66,170,13,1205,6086,278,6364,33
syr2k,MEDIUM,10,LSS,1.75,O2,100,0.0170666606666802,100.17095837552512,110,248,8,1527,6325,412,6737,46
syr2k,MEDIUM,10,LSS,1.75,O3,148,0.0170666606666802,100.17095837552512,166,311,18,1914,6767,479,7246,62
syr2k,MEDIUM,15,ALL_BRAM,1.0,O0,39,0.0494726426666805,66.88727267600325,37,170,2,1205,5818,246,6064,33
syr2k,MEDIUM,15,ALL_BRAM,1.0,O2,57,0.0494726426666236,66.887272676003,55,248,0,1527,6057,345,6402,46
syr2k,MEDIUM,15,ALL_BRAM,1.0,O3,81,0.0494726426667373,66.8872726760035,79,311,0,1914,6499,477,6976,62
syr2k,MEDIUM,15,ALL_BRAM,1.75,O0,39,0.0494726426666805,66.88727267600325,37,170,2,1205,5818,246,6064,33
syr2k,MEDIUM,15,ALL_BRAM,1.75,O2,57,0.0494726426666236,66.887272676003,55,248,0,1527,6057,345,6402,46
syr2k,MEDIUM,15,ALL_BRAM,1.75,O3,81,0.0494726426667373,66.8872726760035,79,311,0,1914,6499,477,6976,62
syr2k,MEDIUM,15,LSS,1.0,O0,40,0.0494726426666805,66.88727267600325,44,170,0,1205,6086,278,6364,33
syr2k,MEDIUM,15,LSS,1.0,O2,62,0.0494726426666236,66.887272676003,72,248,0,1527,6325,412,6737,46
syr2k,MEDIUM,15,LSS,1.0,O3,90,0.0494726426667373,66.8872726760035,108,311,0,1914,6767,479,7246,62
syr2k,MEDIUM,15,LSS,1.75,O0,40,0.0494726426666805,66.88727267600325,44,170,0,1205,6086,278,6364,33
syr2k,MEDIUM,15,LSS,1.75,O2,62,0.0494726426666236,66.887272676003,72,248,0,1527,6325,412,6737,46
syr2k,MEDIUM,15,LSS,1.75,O3,90,0.0494726426667373,66.8872726760035,108,311,0,1914,6767,479,7246,62
syr2k,SMALL,10,ALL_BRAM,1.0,O0,51,0.0363999969999984,100.3653297702541,49,151,6,1220,5736,246,5982,32
syr2k,SMALL,10,ALL_BRAM,1.0,O2,77,0.0363999969999984,100.3653297702541,75,229,6,1478,5975,345,6320,43
syr2k,SMALL,10,ALL_BRAM,1.0,O3,111,0.0363999969999984,100.3653297702541,109,297,12,1929,6421,477,6898,61
syr2k,SMALL,10,ALL_BRAM,1.75,O0,61,0.0170666606666802,100.17095837552512,59,151,6,1220,5736,246,5982,32
syr2k,SMALL,10,ALL_BRAM,1.75,O2,95,0.0170666606666802,100.17095837552512,93,229,6,1478,5975,345,6320,43
syr2k,SMALL,10,ALL_BRAM,1.75,O3,139,0.0170666606666802,100.17095837552512,137,297,12,1929,6421,477,6898,61
syr2k,SMALL,10,LSS,1.0,O0,52,0.0363999969999984,100.3653297702541,56,151,2,1220,6004,278,6282,32
syr2k,SMALL,10,LSS,1.0,O2,82,0.0363999969999984,100.3653297702541,92,229,0,1478,6243,412,6655,43
syr2k,SMALL,10,LSS,1.0,O3,120,0.036399997000112,100.36532977025526,138,297,0,1929,6689,479,7168,61
syr2k,SMALL,10,LSS,1.75,O0,62,0.0170666606666802,100.17095837552512,66,151,2,1220,6004,278,6282,32
syr2k,SMALL,10,LSS,1.75,O2,100,0.0170666606666802,100.17095837552512,110,229,0,1478,6243,412,6655,43
syr2k,SMALL,10,LSS,1.75,O3,148,0.0170666606666802,100.17095837552512,166,297,0,1929,6689,479,7168,61
syr2k,SMALL,15,ALL_BRAM,1.0,O0,39,0.0494726426666805,66.88727267600325,37,151,0,1220,5736,246,5982,32
syr2k,SMALL,15,ALL_BRAM,1.0,O2,57,0.0494726426666236,66.887272676003,55,229,0,1478,5975,345,6320,43
syr2k,SMALL,15,ALL_BRAM,1.0,O3,81,0.0494726426667373,66.8872726760035,79,297,0,1929,6421,477,6898,61
syr2k,SMALL,15,ALL_BRAM,1.75,O0,39,0.0494726426666805,66.88727267600325,37,151,0,1220,5736,246,5982,32
syr2k,SMALL,15,ALL_BRAM,1.75,O2,57,0.0494726426666236,66.887272676003,55,229,0,1478,5975,345,6320,43
syr2k,SMALL,15,ALL_BRAM,1.75,O3,81,0.0494726426667373,66.8872726760035,79,297,0,1929,6421,477,6898,61
syr2k,SMALL,15,LSS,1.0,O0,40,0.0494726426666805,66.88727267600325,44,151,0,1220,6004,278,6282,32
syr2k,SMALL,15,LSS,1.0,O2,62,0.0494726426666236,66.887272676003,72,229,0,1478,6243,412,6655,43
syr2k,SMALL,15,LSS,1.0,O3,90,0.0494726426667373,66.8872726760035,108,297,0,1929,6689,479,7168,61
syr2k,SMALL,15,LSS,1.75,O0,40,0.0494726426666805,66.88727267600325,44,151,0,1220,6004,278,6282,32
syr2k,SMALL,15,LSS,1.75,O2,62,0.0494726426666236,66.887272676003,72,229,0,1478,6243,412,6655,43
syr2k,SMALL,15,LSS,1.75,O3,90,0.0494726426667373,66.8872726760035,108,297,0,1929,6689,479,7168,61
syrk,MEDIUM,10,ALL_BRAM,1.0,O0,34,0.0363999969999984,100.3653297702541,32,166,11,949,5682,139,5821,28
syrk,MEDIUM,10,ALL_BRAM,1.0,O2,98,0.0363999969999984,100.3653297702541,96,332,27,1510,6345,410,6755,52
syrk,MEDIUM,10,ALL_BRAM,1.0,O3,133,0.0363999969999984,100.3653297702541,131,402,47,1962,6787,510,7297,71
syrk,MEDIUM,10,ALL_BRAM,1.75,O0,40,0.0170666606666802,100.17095837552512,38,166,11,949,5682,139,5821,28
syrk,MEDIUM,10,ALL_BRAM,1.75,O2,120,0.0170666606666802,100.17095837552512,118,332,27,1510,6345,410,6755,52
syrk,MEDIUM,10,ALL_BRAM,1.75,O3,165,0.0170666606666802,100.17095837552512,163,402,47,1962,6787,510,7297,71
syrk,MEDIUM,10,LSS,1.0,O0,35,0.0363999969999984,100.3653297702541,38,166,7,949,5950,141,6091,28
syrk,MEDIUM,10,LSS,1.0,O2,102,0.0363999969999984,100.3653297702541,116,332,14,1510,6613,412,7025,52
syrk,MEDIUM,10,LSS,1.0,O3,141,0.0363999969999984,100.3653297702541,163,402,22,1962,7055,545,7600,71
syrk,MEDIUM,10,LSS,1.75,O0,41,0.0170666606666802,100.17095837552512,44,166,7,949,5950,141,6091,28
syrk,MEDIUM,10,LSS,1.75,O2,124,0.0170666606666802,100.17095837552512,138,332,14,1510,6613,412,7025,52
syrk,MEDIUM,10,LSS,1.75,O3,173,0.0170666606666802,100.17095837552512,195,402,22,1962,7055,545,7600,71
syrk,MEDIUM,15,ALL_BRAM,1.0,O0,27,0.0494726426666805,66.88727267600325,25,166,3,917,5682,139,5821,27
syrk,MEDIUM,15,ALL_BRAM,1.0,O2,73,0.0494726426666236,66.887272676003,71,332,0,1510,6345,410,6755,52
syrk,MEDIUM,15,ALL_BRAM,1.0,O3,98,0.0494726426666236,66.887272676003,96,402,0,1962,6787,510,7297,71
syrk,MEDIUM,15,ALL_BRAM,1.75,O0,27,0.0494726426666805,66.88727267600325,25,166,3,917,5682,139,5821,27
syrk,MEDIUM,15,ALL_BRAM,1.75,O2,73,0.0494726426666236,66.887272676003,71,332,0,1510,6345,410,6755,52
syrk,MEDIUM,15,ALL_BRAM,1.75,O3,98,0.0494726426666236,66.887272676003,96,402,0,1962,6787,510,7297,71
syrk,MEDIUM,15,LSS,1.0,O0,28,0.0494726426666805,66.88727267600325,31,166,0,949,5950,141,6091,28
syrk,MEDIUM,15,LSS,1.0,O2,77,0.0494726426666236,66.887272676003,91,332,0,1510,6613,412,7025,52
syrk,MEDIUM,15,LSS,1.0,O3,106,0.0494726426667373,66.8872726760035,128,402,0,1962,7055,545,7600,71
syrk,MEDIUM,15,LSS,1.75,O0,28,0.0494726426666805,66.88727267600325,31,166,0,949,5950,141,6091,28
syrk,MEDIUM,15,LSS,1.75,O2,77,0.0494726426666236,66.887272676003,91,332,0,1510,6613,412,7025,52
syrk,MEDIUM,15,LSS,1.75,O3,106,0.0494726426667373,66.8872726760035,128,402,0,1962,7055,545,7600,71
syrk,SMALL,10,ALL_BRAM,1.0,O0,34,0.0363999969999984,100.3653297702541,32,147,3,932,5600,139,5739,26
syrk,SMALL,10,ALL_BRAM,1.0,O2,98,0.0363999969999984,100.3653297702541,96,288,6,1445,6146,410,6556,47
syrk,SMALL,10,ALL_BRAM,1.0,O3,132,0.0363999969999984,100.3653297702541,130,354,12,1897,6592,510,7102,66
syrk,SMALL,10,ALL_BRAM,1.75,O0,40,0.0170666606666802,100.17095837552512,38,147,3,932,5600,139,5739,26
syrk,SMALL,10,ALL_BRAM,1.75,O2,120,0.0170666606666802,100.17095837552512,118,288,6,1445,6146,410,6556,47
syrk,SMALL,10,ALL_BRAM,1.75,O3,164,0.0170666606666802,100.17095837552512,162,354,12,1897,6592,510,7102,66
syrk,SMALL,10,LSS,1.0,O0,35,0.0363999969999984,100.3653297702541,38,147,1,932,5868,141,6009,26
syrk,SMALL,10,LSS,1.0,O2,102,0.0363999969999984,100.3653297702541,116,288,0,1445,6414,412,6826,47
syrk,SMALL,10,LSS,1.0,O3,140,0.0363999969999984,100.3653297702541,162,354,0,1897,6860,513,7373,66
syrk,SMALL,10,LSS,1.75,O0,41,0.0170666606666802,100.17095837552512,44,147,1,932,5868,141,6009,26
syrk,SMALL,10,LSS,1.75,O2,124,0.0170666606666802,100.17095837552512,138,288,0,1445,6414,412,6826,47
syrk,SMALL,10,LSS,1.75,O3,172,0.0170666606666802,100.17095837552512,194,354,0,1897,6860,513,7373,66
syrk,SMALL,15,ALL_BRAM,1.0,O0,27,0.0494726426666805,66.88727267600325,25,147,0,900,5600,139,5739,25
syrk,SMALL,15,ALL_BRAM,1.0,O2,73,0.0494726426666236,66.887272676003,71,288,0,1413,6146,378,6524,46
syrk,SMALL,15,ALL_BRAM,1.0,O3,97,0.0494726426666236,66.887272676003,95,354,0,1865,6592,478,7070,65
syrk,SMALL,15,ALL_BRAM,1.75,O0,27,0.0494726426666805,66.88727267600325,25,147,0,900,5600,139,5739,25
syrk,SMALL,15,ALL_BRAM,1.75,O2,73,0.0494726426666236,66.887272676003,71,288,0,1413,6146,378,6524,46
syrk,SMALL,15,ALL_BRAM,1.75,O3,97,0.0494726426666236,66.887272676003,95,354,0,1865,6592,478,7070,65
syrk,SMALL,15,LSS,1.0,O0,28,0.0494726426666805,66.88727267600325,31,147,0,932,5868,141,6009,26
syrk,SMALL,15,LSS,1.0,O2,77,0.0494726426666236,66.887272676003,91,288,0,1445,6414,412,6826,47
syrk,SMALL,15,LSS,1.0,O3,105,0.0494726426667373,66.8872726760035,127,354,0,1897,6860,513,7373,66
syrk,SMALL,15,LSS,1.75,O0,28,0.0494726426666805,66.88727267600325,31,147,0,932,5868,141,6009,26
syrk,SMALL,15,LSS,1.75,O2,77,0.0494726426666236,66.887272676003,91,288,0,1445,6414,412,6826,47
syrk,SMALL,15,LSS,1.75,O3,105,0.0494726426667373,66.8872726760035,127,354,0,1897,6860,513,7373,66
trmm,MEDIUM,10,ALL_BRAM,1.0,O0,31,0.0363999969999984,100.3653297702541,30,151,0,708,5568,136,5704,21
trmm,MEDIUM,10,ALL_BRAM,1.0,O2,57,0.0363999969999984,100.3653297702541,55,228,56,1287,6178,241,6419,42
trmm,MEDIUM,10,ALL_BRAM,1.0,O3,89,0.0363999969999984,100.3653297702541,87,326,111,1672,6517,376,6893,55
trmm,MEDIUM,10,ALL_BRAM,1.75,O0,35,0.0170666606666802,100.17095837552512,34,151,0,708,5568,136,5704,21
trmm,MEDIUM,10,ALL_BRAM,1.75,O2,65,0.0170666606666802,100.17095837552512,63,228,56,1287,6178,241,6419,42
trmm,MEDIUM,10,ALL_BRAM,1.75,O3,107,0.0170666606666802,100.17095837552512,105,326,111,1672,6517,376,6893,55
trmm,MEDIUM,10,LSS,1.0,O0,31,0.0363999969999984,100.3653297702541,35,150,0,708,5702,104,5806,21
trmm,MEDIUM,10,LSS,1.0,O2,56,0.0363999969999984,100.3653297702541,63,228,52,1319,6446,276,6722,43
trmm,MEDIUM,10,LSS,1.0,O3,92,0.0363999969999984,100.3653297702541,107,326,76,1704,6785,409,7194,56
trmm,MEDIUM,10,LSS,1.75,O0,35,0.0170666606666802,100.17095837552512,39,150,0,708,5702,104,5806,21
trmm,MEDIUM,10,LSS,1.75,O2,64,0.0170666606666802,100.17095837552512,71,228,52,1319,6446,276,6722,43
trmm,MEDIUM,10,LSS,1.75,O3,110,0.0170666606666802,100.17095837552512,125,326,76,1704,6785,409,7194,56
trmm,MEDIUM,15,ALL_BRAM,1.0,O0,25,0.0494726426666805,66.88727267600325,24,151,0,644,5568,136,5704,19
trmm,MEDIUM,15,ALL_BRAM,1.0,O2,45,0.0494726426666236,66.887272676003,43,228,23,1191,6178,241,6419,39
trmm,MEDIUM,15,ALL_BRAM,1.0,O3,67,0.0494726426666236,66.887272676003,65,326,28,1576,6517,376,6893,52
trmm,MEDIUM,15,ALL_BRAM,1.75,O0,25,0.0494726426666805,66.88727267600325,24,151,0,644,5568,136,5704,19
trmm,MEDIUM,15,ALL_BRAM,1.75,O2,45,0.0494726426666236,66.887272676003,43,228,23,1191,6178,241,6419,39
trmm,MEDIUM,15,ALL_BRAM,1.75,O3,67,0.0494726426666236,66.887272676003,65,326,28,1576,6517,376,6893,52
trmm,MEDIUM,15,LSS,1.0,O0,25,0.0494726426666805,66.88727267600325,28,151,0,708,5836,138,5974,21
trmm,MEDIUM,15,LSS,1.0,O2,44,0.0494726426666805,66.88727267600325,50,228,0,1287,6446,275,6721,42
trmm,MEDIUM,15,LSS,1.0,O3,70,0.0494726426666236,66.887272676003,84,324,1,1640,6717,411,7128,54
trmm,MEDIUM,15,LSS,1.75,O0,25,0.0494726426666805,66.88727267600325,28,151,0,708,5836,138,5974,21
trmm,MEDIUM,15,LSS,1.75,O2,44,0.0494726426666805,66.88727267600325,50,228,0,1287,6446,275,6721,42
trmm,MEDIUM,15,LSS,1.75,O3,70,0.0494726426666236,66.887272676003,84,324,1,1640,6717,411,7128,54
trmm,SMALL,10,ALL_BRAM,1.0,O0,31,0.0363999969999984,100.3653297702541,30,149,0,708,5533,136,5669,21
trmm,SMALL,10,ALL_BRAM,1.0,O2,57,0.0363999969999984,100.3653297702541,55,213,19,1234,6066,241,6307,39
trmm,SMALL,10,ALL_BRAM,1.0,O3,89,0.0363999969999984,100.3653297702541,87,311,54,1619,6405,376,6781,52
trmm,SMALL,10,ALL_BRAM,1.75,O0,35,0.0170666606666802,100.17095837552512,34,149,0,708,5533,136,5669,21
trmm,SMALL,10,ALL_BRAM,1.75,O2,65,0.0170666606666802,100.17095837552512,63,213,19,1234,6066,241,6307,39
trmm,SMALL,10,ALL_BRAM,1.75,O3,107,0.0170666606666802,100.17095837552512,105,311,54,1619,6405,376,6781,52
trmm,SMALL,10,LSS,1.0,O0,30,0.0363999969999984,100.3653297702541,33,149,1,708,5801,138,5939,21
trmm,SMALL,10,LSS,1.0,O2,55,0.0363999969999984,100.3653297702541,61,213,22,1266,6334,275,6609,40
trmm,SMALL,10,LSS,1.0,O3,91,0.0363999969999984,100.3653297702541,105,311,33,1651,6673,411,7084,53
trmm,SMALL,10,LSS,1.75,O0,34,0.0170666606666802,100.17095837552512,37,149,1,708,5801,138,5939,21
trmm,SMALL,10,LSS,1.75,O2,63,0.0170666606666802,100.17095837552512,69,213,22,1266,6334,275,6609,40
trmm,SMALL,10,LSS,1.75,O3,109,0.0170666606666802,100.17095837552512,123,311,33,1651,6673,411,7084,53
trmm,SMALL,15,ALL_BRAM,1.0,O0,25,0.0494726426666805,66.88727267600325,24,149,0,644,5533,136,5669,19
trmm,SMALL,15,ALL_BRAM,1.0,O2,45,0.0494726426666236,66.887272676003,43,213,2,1170,6066,241,6307,37
trmm,SMALL,15,ALL_BRAM,1.0,O3,67,0.0494726426666236,66.887272676003,65,309,2,1523,6337,376,6713,49
trmm,SMALL,15,ALL_BRAM,1.75,O0,25,0.0494726426666805,66.88727267600325,24,149,0,644,5533,136,5669,19
trmm,SMALL,15,ALL_BRAM,1.75,O2,45,0.0494726426666236,66.887272676003,43,213,2,1170,6066,241,6307,37
trmm,SMALL,15,ALL_BRAM,1.75,O3,67,0.0494726426666236,66.887272676003,65,309,2,1523,6337,376,6713,49
trmm,SMALL,15,LSS,1.0,O0,25,0.0494726426666805,66.88727267600325,28,149,0,708,5801,138,5939,21
trmm,SMALL,15,LSS,1.0,O2,44,0.0494726426666805,66.88727267600325,50,213,0,1266,6334,275,6609,40
trmm,SMALL,15,LSS,1.0,O3,70,0.0494726426666236,66.887272676003,84,309,0,1619,6605,411,7016,52
trmm,SMALL,15,LSS,1.75,O0,25,0.0494726426666805,66.88727267600325,28,149,0,708,5801,138,5939,21
trmm,SMALL,15,LSS,1.75,O2,44,0.0494726426666805,66.88727267600325,50,213,0,1266,6334,275,6609,40
trmm,SMALL,15,LSS,1.75,O3,70,0.0494726426666236,66.887272676003,84,309,0,1619,6605,411,7016,52
