benchmark,dataset_size,clock_period,design_name,control_steps,min_slack,frequency_mhz,states,modules_instantiated,performance_conflicts,flipflops,area_est,mux_area,total_area,registers,dsps,log_file
2mm,LARGE,10,kernel_2mm,119,0.03639999699999841,100.3653297702541,117,444,208,1763,8161,347,8508,61,0,2mm_LARGE_clk10_log.txt
2mm,LARGE,15,kernel_2mm,87,0.049472642666623656,66.887272676003,85,445,123,1507,8195,377,8572,54,0,2mm_LARGE_clk15_log.txt
2mm,LARGE,5,kernel_2mm,62,7.993605777301127,200.0000000000003,76,445,703,2270,8195,416,8611,81,0,2mm_LARGE_clk5_log.txt
2mm,LARGE,default,kernel_2mm,119,0.03639999699999841,100.3653297702541,117,444,208,1763,8161,347,8508,61,0,2mm_LARGE_log.txt
2mm,DEFAULT,default,kernel_2mm,119,0.03639999699999841,100.3653297702541,117,444,208,1763,8161,347,8508,61,0,2mm_log.txt
2mm,MEDIUM,10,kernel_2mm,117,0.03639999699999841,100.3653297702541,115,412,273,1615,8132,312,8444,53,0,2mm_MEDIUM_clk10_log.txt
2mm,MEDIUM,15,kernel_2mm,87,0.049472642666623656,66.887272676003,85,412,128,1487,8132,377,8509,49,0,2mm_MEDIUM_clk15_log.txt
2mm,MEDIUM,5,kernel_2mm,60,8.881784197001252,200.00000000000003,74,412,880,2033,8132,379,8511,67,0,2mm_MEDIUM_clk5_log.txt
2mm,MEDIUM,default,kernel_2mm,117,0.03639999699999841,100.3653297702541,115,412,273,1615,8132,312,8444,53,0,2mm_MEDIUM_log.txt
2mm,MINI,10,kernel_2mm,115,0.03639999699999841,100.3653297702541,113,404,98,1568,7789,378,8167,51,0,2mm_MINI_clk10_log.txt
2mm,MINI,15,kernel_2mm,87,0.049472642666623656,66.887272676003,85,403,0,1440,7755,377,8132,47,0,2mm_MINI_clk15_log.txt
2mm,MINI,5,kernel_2mm,58,8.881784197001252,200.00000000000003,72,404,494,1953,7789,379,8168,63,0,2mm_MINI_clk5_log.txt
2mm,MINI,default,kernel_2mm,115,0.03639999699999841,100.3653297702541,113,404,98,1568,7789,378,8167,51,0,2mm_MINI_log.txt
2mm,SMALL,10,kernel_2mm,116,0.03639999699999841,100.3653297702541,114,458,228,1730,8199,345,8544,59,0,2mm_SMALL_clk10_log.txt
2mm,SMALL,15,kernel_2mm,87,0.049472642666623656,66.887272676003,85,458,42,1602,8199,377,8576,55,0,2mm_SMALL_clk15_log.txt
2mm,SMALL,5,kernel_2mm,59,8.881784197001252,200.00000000000003,73,458,855,2135,8199,379,8578,75,0,2mm_SMALL_clk5_log.txt
2mm,SMALL,default,kernel_2mm,116,0.03639999699999841,100.3653297702541,114,458,228,1730,8199,345,8544,59,0,2mm_SMALL_log.txt
3mm,LARGE,10,kernel_3mm,145,0.03639999699999841,100.3653297702541,143,686,880,2222,9950,477,10427,87,0,3mm_LARGE_clk10_log.txt
3mm,LARGE,15,kernel_3mm,113,0.049472642666623656,66.887272676003,111,686,488,2158,9950,480,10430,84,0,3mm_LARGE_clk15_log.txt
3mm,LARGE,5,kernel_3mm,87,8.881784197001252,200.00000000000003,103,686,2315,3085,9950,478,10428,125,0,3mm_LARGE_clk5_log.txt
3mm,LARGE,default,kernel_3mm,145,0.03639999699999841,100.3653297702541,143,686,880,2222,9950,477,10427,87,0,3mm_LARGE_log.txt
3mm,DEFAULT,default,kernel_3mm,145,0.03639999699999841,100.3653297702541,143,686,880,2222,9950,477,10427,87,0,3mm_log.txt
3mm,MEDIUM,10,kernel_3mm,145,0.03639999699999841,100.3653297702541,143,591,722,2258,9770,477,10247,83,0,3mm_MEDIUM_clk10_log.txt
3mm,MEDIUM,15,kernel_3mm,109,0.049472642666623656,66.887272676003,107,591,352,2066,9770,412,10182,77,0,3mm_MEDIUM_clk15_log.txt
3mm,MEDIUM,5,kernel_3mm,83,8.881784197001252,200.00000000000003,99,591,2228,2856,9770,478,10248,102,0,3mm_MEDIUM_clk5_log.txt
3mm,MEDIUM,default,kernel_3mm,145,0.03639999699999841,100.3653297702541,143,591,722,2258,9770,477,10247,83,0,3mm_MEDIUM_log.txt
3mm,MINI,10,kernel_3mm,144,0.03639999699999841,100.3653297702541,142,592,285,2048,9298,478,9776,74,0,3mm_MINI_clk10_log.txt
3mm,MINI,15,kernel_3mm,109,0.049472642666623656,66.887272676003,107,592,106,1856,9298,412,9710,68,0,3mm_MINI_clk15_log.txt
3mm,MINI,5,kernel_3mm,82,8.881784197001252,200.00000000000003,98,592,1326,2628,9298,478,9776,92,0,3mm_MINI_clk5_log.txt
3mm,MINI,default,kernel_3mm,144,0.03639999699999841,100.3653297702541,142,592,285,2048,9298,478,9776,74,0,3mm_MINI_log.txt
3mm,SMALL,10,kernel_3mm,145,0.03639999699999841,100.3653297702541,143,645,570,2204,9644,477,10121,82,0,3mm_SMALL_clk10_log.txt
3mm,SMALL,15,kernel_3mm,109,0.049472642666623656,66.887272676003,107,645,299,2012,9644,412,10056,76,0,3mm_SMALL_clk15_log.txt
3mm,SMALL,5,kernel_3mm,83,8.881784197001252,200.00000000000003,99,645,2039,2804,9644,478,10122,104,0,3mm_SMALL_clk5_log.txt
3mm,SMALL,default,kernel_3mm,145,0.03639999699999841,100.3653297702541,143,645,570,2204,9644,477,10121,82,0,3mm_SMALL_log.txt
atax,LARGE,10,kernel_atax,97,0.03639999699999841,100.3653297702541,95,312,70,1489,6465,513,6978,52,0,atax_LARGE_clk10_log.txt
atax,LARGE,15,kernel_atax,75,0.049472642666623656,66.887272676003,73,315,13,1361,6567,443,7010,48,0,atax_LARGE_clk15_log.txt
atax,LARGE,5,kernel_atax,57,7.993605777301127,200.0000000000003,67,315,212,1989,6567,477,7044,70,0,atax_LARGE_clk5_log.txt
atax,LARGE,default,kernel_atax,97,0.03639999699999841,100.3653297702541,95,312,70,1489,6465,513,6978,52,0,atax_LARGE_log.txt
atax,DEFAULT,default,kernel_atax,97,0.03639999699999841,100.3653297702541,95,312,70,1489,6465,513,6978,52,0,atax_log.txt
atax,MEDIUM,10,kernel_atax,97,0.03639999699999841,100.3653297702541,95,321,74,1482,6471,513,6984,53,0,atax_MEDIUM_clk10_log.txt
atax,MEDIUM,15,kernel_atax,75,0.049472642666623656,66.887272676003,73,324,17,1354,6573,443,7016,49,0,atax_MEDIUM_clk15_log.txt
atax,MEDIUM,5,kernel_atax,57,7.993605777301127,200.0000000000003,67,324,236,1984,6573,477,7050,71,0,atax_MEDIUM_clk5_log.txt
atax,MEDIUM,default,kernel_atax,97,0.03639999699999841,100.3653297702541,95,321,74,1482,6471,513,6984,53,0,atax_MEDIUM_log.txt
atax,MINI,10,kernel_atax,95,0.03639999699999841,100.3653297702541,93,321,38,1596,6604,477,7081,56,0,atax_MINI_clk10_log.txt
atax,MINI,15,kernel_atax,75,0.049472642666623656,66.887272676003,73,321,0,1532,6604,443,7047,54,0,atax_MINI_clk15_log.txt
atax,MINI,5,kernel_atax,55,7.993605777301127,200.0000000000003,65,321,267,2110,6604,480,7084,73,0,atax_MINI_clk5_log.txt
atax,MINI,default,kernel_atax,95,0.03639999699999841,100.3653297702541,93,321,38,1596,6604,477,7081,56,0,atax_MINI_log.txt
atax,SMALL,10,kernel_atax,93,0.03639999699999841,100.3653297702541,91,282,5,1316,6275,443,6718,45,0,atax_SMALL_clk10_log.txt
atax,SMALL,15,kernel_atax,75,0.049472642666623656,66.887272676003,73,280,0,1316,6207,443,6650,45,0,atax_SMALL_clk15_log.txt
atax,SMALL,5,kernel_atax,53,7.993605777301127,200.0000000000003,63,282,158,1638,6275,478,6753,57,0,atax_SMALL_clk5_log.txt
atax,SMALL,default,kernel_atax,93,0.03639999699999841,100.3653297702541,91,282,5,1316,6275,443,6718,45,0,atax_SMALL_log.txt
bicg,LARGE,10,kernel_bicg,42,0.03639999699999841,100.3653297702541,40,203,4,1017,5904,274,6178,32,0,bicg_LARGE_clk10_log.txt
bicg,LARGE,15,kernel_bicg,35,0.0494726426666805,66.88727267600325,33,203,0,953,5904,239,6143,31,0,bicg_LARGE_clk15_log.txt
bicg,LARGE,5,kernel_bicg,31,7.993605777301127,200.0000000000003,33,203,20,1212,5904,239,6143,41,0,bicg_LARGE_clk5_log.txt
bicg,LARGE,default,kernel_bicg,42,0.03639999699999841,100.3653297702541,40,203,4,1017,5904,274,6178,32,0,bicg_LARGE_log.txt
bicg,DEFAULT,default,kernel_bicg,42,0.03639999699999841,100.3653297702541,40,203,4,1017,5904,274,6178,32,0,bicg_log.txt
bicg,MEDIUM,10,kernel_bicg,41,0.03639999699999841,100.3653297702541,39,211,1,951,5877,239,6116,32,0,bicg_MEDIUM_clk10_log.txt
bicg,MEDIUM,15,kernel_bicg,35,0.0494726426666805,66.88727267600325,33,211,0,951,5877,239,6116,32,0,bicg_MEDIUM_clk15_log.txt
bicg,MEDIUM,5,kernel_bicg,30,7.993605777301127,200.0000000000003,32,211,39,1146,5877,239,6116,40,0,bicg_MEDIUM_clk5_log.txt
bicg,MEDIUM,default,kernel_bicg,41,0.03639999699999841,100.3653297702541,39,211,1,951,5877,239,6116,32,0,bicg_MEDIUM_log.txt
bicg,MINI,10,kernel_bicg,41,0.03639999699999841,100.3653297702541,39,206,1,961,5873,239,6112,31,0,bicg_MINI_clk10_log.txt
bicg,MINI,15,kernel_bicg,35,0.0494726426666805,66.88727267600325,33,206,0,961,5873,239,6112,31,0,bicg_MINI_clk15_log.txt
bicg,MINI,5,kernel_bicg,30,7.993605777301127,200.0000000000003,32,206,39,1156,5873,239,6112,39,0,bicg_MINI_clk5_log.txt
bicg,MINI,default,kernel_bicg,41,0.03639999699999841,100.3653297702541,39,206,1,961,5873,239,6112,31,0,bicg_MINI_log.txt
bicg,SMALL,10,kernel_bicg,41,0.03639999699999841,100.3653297702541,39,206,1,953,5873,239,6112,32,0,bicg_SMALL_clk10_log.txt
bicg,SMALL,15,kernel_bicg,35,0.0494726426666805,66.88727267600325,33,206,0,953,5873,239,6112,32,0,bicg_SMALL_clk15_log.txt
bicg,SMALL,5,kernel_bicg,30,7.993605777301127,200.0000000000003,32,206,41,1148,5873,239,6112,40,0,bicg_SMALL_clk5_log.txt
bicg,SMALL,default,kernel_bicg,41,0.03639999699999841,100.3653297702541,39,206,1,953,5873,239,6112,32,0,bicg_SMALL_log.txt
deriche,LARGE,10,kernel_deriche,6,0.4802633153333762,105.04492226247112,4,220,12,557,1943,0,1943,23,0,deriche_LARGE_clk10_log.txt
deriche,LARGE,15,kernel_deriche,5,3.1211333143333935,84.1831149773429,3,220,9,521,1943,0,1943,18,0,deriche_LARGE_clk15_log.txt
deriche,LARGE,5,kernel_deriche,9,0.3013999939999996,212.8293531526463,7,220,74,682,1943,0,1943,31,0,deriche_LARGE_clk5_log.txt
deriche,LARGE,default,kernel_deriche,6,0.4802633153333762,105.04492226247112,4,220,12,557,1943,0,1943,23,0,deriche_LARGE_log.txt
deriche,DEFAULT,default,kernel_deriche,6,0.4802633153333762,105.04492226247112,4,220,12,557,1943,0,1943,23,0,deriche_log.txt
deriche,MEDIUM,10,kernel_deriche,6,0.4802633153333762,105.04492226247112,4,220,12,557,1943,0,1943,23,0,deriche_MEDIUM_clk10_log.txt
deriche,MEDIUM,15,kernel_deriche,5,3.1211333143333935,84.1831149773429,3,220,9,521,1943,0,1943,18,0,deriche_MEDIUM_clk15_log.txt
deriche,MEDIUM,5,kernel_deriche,9,0.3013999939999996,212.8293531526463,7,220,74,682,1943,0,1943,31,0,deriche_MEDIUM_clk5_log.txt
deriche,MEDIUM,default,kernel_deriche,6,0.4802633153333762,105.04492226247112,4,220,12,557,1943,0,1943,23,0,deriche_MEDIUM_log.txt
deriche,MINI,10,kernel_deriche,6,0.4802633153333762,105.04492226247112,4,220,12,557,1943,0,1943,23,0,deriche_MINI_clk10_log.txt
deriche,MINI,15,kernel_deriche,5,3.1211333143333935,84.1831149773429,3,220,9,521,1943,0,1943,18,0,deriche_MINI_clk15_log.txt
deriche,MINI,5,kernel_deriche,9,0.3013999939999996,212.8293531526463,7,220,74,682,1943,0,1943,31,0,deriche_MINI_clk5_log.txt
deriche,MINI,default,kernel_deriche,6,0.4802633153333762,105.04492226247112,4,220,12,557,1943,0,1943,23,0,deriche_MINI_log.txt
deriche,SMALL,10,kernel_deriche,6,0.4802633153333762,105.04492226247112,4,220,12,557,1943,0,1943,23,0,deriche_SMALL_clk10_log.txt
deriche,SMALL,15,kernel_deriche,5,3.1211333143333935,84.1831149773429,3,220,9,521,1943,0,1943,18,0,deriche_SMALL_clk15_log.txt
deriche,SMALL,5,kernel_deriche,9,0.3013999939999996,212.8293531526463,7,220,74,682,1943,0,1943,31,0,deriche_SMALL_clk5_log.txt
deriche,SMALL,default,kernel_deriche,6,0.4802633153333762,105.04492226247112,4,220,12,557,1943,0,1943,23,0,deriche_SMALL_log.txt
floyd-warshall,LARGE,10,kernel_floyd_warshall,21,0.6331999930000212,106.76004604055622,19,142,18,753,1498,139,1637,28,0,floyd-warshall_LARGE_clk10_log.txt
floyd-warshall,LARGE,15,kernel_floyd_warshall,20,3.3755999930000318,86.02594537333721,18,142,9,721,1498,138,1636,27,0,floyd-warshall_LARGE_clk15_log.txt
floyd-warshall,LARGE,5,kernel_floyd_warshall,31,0.14839999499999923,206.11756924919862,29,143,65,1128,1532,107,1639,41,0,floyd-warshall_LARGE_clk5_log.txt
floyd-warshall,LARGE,default,kernel_floyd_warshall,21,0.6331999930000212,106.76004604055622,19,142,18,753,1498,139,1637,28,0,floyd-warshall_LARGE_log.txt
floyd-warshall,DEFAULT,default,kernel_floyd_warshall,21,0.6331999930000212,106.76004604055622,19,142,18,753,1498,139,1637,28,0,floyd-warshall_log.txt
floyd-warshall,MEDIUM,10,kernel_floyd_warshall,20,0.6331999940000177,106.76004605195388,18,136,12,759,1393,139,1532,29,0,floyd-warshall_MEDIUM_clk10_log.txt
floyd-warshall,MEDIUM,15,kernel_floyd_warshall,20,5.6331999940000035,106.76004605195372,18,136,1,727,1393,138,1531,28,0,floyd-warshall_MEDIUM_clk15_log.txt
floyd-warshall,MEDIUM,5,kernel_floyd_warshall,28,0.1483999969999994,206.1175693341675,26,137,61,916,1427,140,1567,36,0,floyd-warshall_MEDIUM_clk5_log.txt
floyd-warshall,MEDIUM,default,kernel_floyd_warshall,20,0.6331999940000177,106.76004605195388,18,136,12,759,1393,139,1532,29,0,floyd-warshall_MEDIUM_log.txt
floyd-warshall,MINI,10,kernel_floyd_warshall,20,0.837399998000004,109.139327241364,18,122,2,737,1315,139,1454,27,0,floyd-warshall_MINI_clk10_log.txt
floyd-warshall,MINI,15,kernel_floyd_warshall,20,5.837399998000032,109.13932724136434,18,122,0,705,1315,138,1453,26,0,floyd-warshall_MINI_clk15_log.txt
floyd-warshall,MINI,5,kernel_floyd_warshall,28,0.14839999799999948,206.11756937665197,26,122,13,866,1315,140,1455,32,0,floyd-warshall_MINI_clk5_log.txt
floyd-warshall,MINI,default,kernel_floyd_warshall,20,0.837399998000004,109.139327241364,18,122,2,737,1315,139,1454,27,0,floyd-warshall_MINI_log.txt
floyd-warshall,SMALL,10,kernel_floyd_warshall,20,0.6331999940000177,106.76004605195388,18,136,13,761,1393,139,1532,28,0,floyd-warshall_SMALL_clk10_log.txt
floyd-warshall,SMALL,15,kernel_floyd_warshall,20,5.633199994000032,106.76004605195405,18,136,1,729,1393,138,1531,27,0,floyd-warshall_SMALL_clk15_log.txt
floyd-warshall,SMALL,5,kernel_floyd_warshall,28,0.14839999499999923,206.11756924919862,26,137,65,918,1427,140,1567,34,0,floyd-warshall_SMALL_clk5_log.txt
floyd-warshall,SMALL,default,kernel_floyd_warshall,20,0.6331999940000177,106.76004605195388,18,136,13,761,1393,139,1532,28,0,floyd-warshall_SMALL_log.txt
gemm,LARGE,10,kernel_gemm,99,0.03639999699999841,100.3653297702541,97,359,27,1675,6882,416,7298,61,0,gemm_LARGE_clk10_log.txt
gemm,LARGE,15,kernel_gemm,72,0.049472642666623656,66.887272676003,70,361,12,1611,6950,378,7328,59,0,gemm_LARGE_clk15_log.txt
gemm,LARGE,5,kernel_gemm,48,8.881784197001252,200.00000000000003,60,361,132,2119,6950,412,7362,75,0,gemm_LARGE_clk5_log.txt
gemm,LARGE,default,kernel_gemm,99,0.03639999699999841,100.3653297702541,97,359,27,1675,6882,416,7298,61,0,gemm_LARGE_log.txt
gemm,DEFAULT,default,kernel_gemm,99,0.03639999699999841,100.3653297702541,97,359,27,1675,6882,416,7298,61,0,gemm_log.txt
gemm,MEDIUM,10,kernel_gemm,98,0.03639999699999841,100.3653297702541,96,332,47,1588,6862,378,7240,55,0,gemm_MEDIUM_clk10_log.txt
gemm,MEDIUM,15,kernel_gemm,72,0.049472642666623656,66.887272676003,70,332,0,1588,6862,378,7240,55,0,gemm_MEDIUM_clk15_log.txt
gemm,MEDIUM,5,kernel_gemm,46,8.881784197001252,200.00000000000003,58,333,179,1941,6896,417,7313,65,0,gemm_MEDIUM_clk5_log.txt
gemm,MEDIUM,default,kernel_gemm,98,0.03639999699999841,100.3653297702541,96,332,47,1588,6862,378,7240,55,0,gemm_MEDIUM_log.txt
gemm,MINI,10,kernel_gemm,98,0.03639999699999841,100.3653297702541,96,345,65,1462,6704,378,7082,53,0,gemm_MINI_clk10_log.txt
gemm,MINI,15,kernel_gemm,72,0.049472642666623656,66.887272676003,70,344,0,1462,6670,378,7048,53,0,gemm_MINI_clk15_log.txt
gemm,MINI,5,kernel_gemm,46,8.881784197001252,200.00000000000003,58,346,177,1815,6738,417,7155,63,0,gemm_MINI_clk5_log.txt
gemm,MINI,default,kernel_gemm,98,0.03639999699999841,100.3653297702541,96,345,65,1462,6704,378,7082,53,0,gemm_MINI_log.txt
gemm,SMALL,10,kernel_gemm,98,0.03639999699999841,100.3653297702541,96,353,47,1592,6878,378,7256,55,0,gemm_SMALL_clk10_log.txt
gemm,SMALL,15,kernel_gemm,72,0.049472642666623656,66.887272676003,70,353,0,1592,6878,378,7256,55,0,gemm_SMALL_clk15_log.txt
gemm,SMALL,5,kernel_gemm,46,8.881784197001252,200.00000000000003,58,354,177,1945,6912,417,7329,65,0,gemm_SMALL_clk5_log.txt
gemm,SMALL,default,kernel_gemm,98,0.03639999699999841,100.3653297702541,96,353,47,1592,6878,378,7256,55,0,gemm_SMALL_log.txt
gemver,LARGE,10,kernel_gemver,222,0.03639999699988472,100.36532977025297,220,314,178,2434,6758,712,7470,78,0,gemver_LARGE_clk10_log.txt
gemver,LARGE,15,kernel_gemver,171,0.049472642666623656,66.887272676003,169,315,31,2370,6792,666,7458,75,0,gemver_LARGE_clk15_log.txt
gemver,LARGE,5,kernel_gemver,104,8.881784197001252,200.00000000000003,134,316,571,3150,6826,768,7594,103,0,gemver_LARGE_clk5_log.txt
gemver,LARGE,default,kernel_gemver,222,0.03639999699988472,100.36532977025297,220,314,178,2434,6758,712,7470,78,0,gemver_LARGE_log.txt
gemver,DEFAULT,default,kernel_gemver,222,0.03639999699988472,100.36532977025297,220,314,178,2434,6758,712,7470,78,0,gemver_log.txt
gemver,MEDIUM,10,kernel_gemver,222,0.03639999699988472,100.36532977025297,220,336,196,2432,6805,712,7517,78,0,gemver_MEDIUM_clk10_log.txt
gemver,MEDIUM,15,kernel_gemver,171,0.049472642666623656,66.887272676003,169,337,36,2368,6839,666,7505,75,0,gemver_MEDIUM_clk15_log.txt
gemver,MEDIUM,5,kernel_gemver,104,8.881784197001252,200.00000000000003,134,338,721,3148,6873,768,7641,103,0,gemver_MEDIUM_clk5_log.txt
gemver,MEDIUM,default,kernel_gemver,222,0.03639999699988472,100.36532977025297,220,336,196,2432,6805,712,7517,78,0,gemver_MEDIUM_log.txt
gemver,MINI,10,kernel_gemver,220,0.03639999699988472,100.36532977025297,218,291,80,2338,6539,644,7183,72,0,gemver_MINI_clk10_log.txt
gemver,MINI,15,kernel_gemver,171,0.049472642666623656,66.887272676003,169,290,0,2338,6505,666,7171,71,0,gemver_MINI_clk15_log.txt
gemver,MINI,5,kernel_gemver,102,8.881784197001252,200.00000000000003,132,292,640,2819,6573,702,7275,86,0,gemver_MINI_clk5_log.txt
gemver,MINI,default,kernel_gemver,220,0.03639999699988472,100.36532977025297,218,291,80,2338,6539,644,7183,72,0,gemver_MINI_log.txt
gemver,SMALL,10,kernel_gemver,220,0.03639999699988472,100.36532977025297,218,268,72,2338,6521,644,7165,72,0,gemver_SMALL_clk10_log.txt
gemver,SMALL,15,kernel_gemver,171,0.049472642666623656,66.887272676003,169,267,0,2338,6487,666,7153,71,0,gemver_SMALL_clk15_log.txt
gemver,SMALL,5,kernel_gemver,102,8.881784197001252,200.00000000000003,132,269,579,2819,6555,702,7257,86,0,gemver_SMALL_clk5_log.txt
gemver,SMALL,default,kernel_gemver,220,0.03639999699988472,100.36532977025297,218,268,72,2338,6521,644,7165,72,0,gemver_SMALL_log.txt
gesummv,LARGE,10,kernel_gesummv,50,0.03639999699999841,100.3653297702541,48,95,2,786,4931,278,5209,20,0,gesummv_LARGE_clk10_log.txt
gesummv,LARGE,15,kernel_gesummv,39,0.049472642666623656,66.887272676003,37,95,0,818,4931,310,5241,20,0,gesummv_LARGE_clk15_log.txt
gesummv,LARGE,5,kernel_gesummv,26,8.881784197001252,200.00000000000003,31,95,9,947,4931,278,5209,25,0,gesummv_LARGE_clk5_log.txt
gesummv,LARGE,default,kernel_gesummv,50,0.03639999699999841,100.3653297702541,48,95,2,786,4931,278,5209,20,0,gesummv_LARGE_log.txt
gesummv,DEFAULT,default,kernel_gesummv,50,0.03639999699999841,100.3653297702541,48,95,2,786,4931,278,5209,20,0,gesummv_log.txt
gesummv,MEDIUM,10,kernel_gesummv,50,0.03639999699999841,100.3653297702541,48,90,2,792,4927,278,5205,20,0,gesummv_MEDIUM_clk10_log.txt
gesummv,MEDIUM,15,kernel_gesummv,39,0.049472642666623656,66.887272676003,37,90,0,824,4927,310,5237,20,0,gesummv_MEDIUM_clk15_log.txt
gesummv,MEDIUM,5,kernel_gesummv,26,8.881784197001252,200.00000000000003,31,90,8,953,4927,278,5205,25,0,gesummv_MEDIUM_clk5_log.txt
gesummv,MEDIUM,default,kernel_gesummv,50,0.03639999699999841,100.3653297702541,48,90,2,792,4927,278,5205,20,0,gesummv_MEDIUM_log.txt
gesummv,MINI,10,kernel_gesummv,50,0.03639999699999841,100.3653297702541,48,83,0,802,4888,310,5198,18,0,gesummv_MINI_clk10_log.txt
gesummv,MINI,15,kernel_gesummv,39,0.049472642666623656,66.887272676003,37,83,0,802,4888,310,5198,18,0,gesummv_MINI_clk15_log.txt
gesummv,MINI,5,kernel_gesummv,25,8.881784197001252,200.00000000000003,30,83,9,771,4888,244,5132,19,0,gesummv_MINI_clk5_log.txt
gesummv,MINI,default,kernel_gesummv,50,0.03639999699999841,100.3653297702541,48,83,0,802,4888,310,5198,18,0,gesummv_MINI_log.txt
gesummv,SMALL,10,kernel_gesummv,50,0.03639999699999841,100.3653297702541,48,90,2,794,4927,278,5205,19,0,gesummv_SMALL_clk10_log.txt
gesummv,SMALL,15,kernel_gesummv,39,0.049472642666623656,66.887272676003,37,90,0,826,4927,310,5237,19,0,gesummv_SMALL_clk15_log.txt
gesummv,SMALL,5,kernel_gesummv,26,8.881784197001252,200.00000000000003,31,90,8,955,4927,278,5205,24,0,gesummv_SMALL_clk5_log.txt
gesummv,SMALL,default,kernel_gesummv,50,0.03639999699999841,100.3653297702541,48,90,2,794,4927,278,5205,19,0,gesummv_SMALL_log.txt
jacobi-1d,LARGE,10,kernel_jacobi_1d,117,0.03639999699999841,100.3653297702541,115,189,0,1122,5648,339,5987,38,0,jacobi-1d_LARGE_clk10_log.txt
jacobi-1d,LARGE,15,kernel_jacobi_1d,99,0.049472642666623656,66.887272676003,97,189,0,1122,5648,339,5987,38,0,jacobi-1d_LARGE_clk15_log.txt
jacobi-1d,LARGE,5,kernel_jacobi_1d,50,8.881784197001252,200.00000000000003,66,189,239,1379,5648,339,5987,46,0,jacobi-1d_LARGE_clk5_log.txt
jacobi-1d,LARGE,default,kernel_jacobi_1d,117,0.03639999699999841,100.3653297702541,115,189,0,1122,5648,339,5987,38,0,jacobi-1d_LARGE_log.txt
jacobi-1d,DEFAULT,default,kernel_jacobi_1d,117,0.03639999699999841,100.3653297702541,115,189,0,1122,5648,339,5987,38,0,jacobi-1d_log.txt
jacobi-1d,MEDIUM,10,kernel_jacobi_1d,117,0.03639999699999841,100.3653297702541,115,189,0,1122,5648,339,5987,38,0,jacobi-1d_MEDIUM_clk10_log.txt
jacobi-1d,MEDIUM,15,kernel_jacobi_1d,99,0.049472642666623656,66.887272676003,97,189,0,1122,5648,339,5987,38,0,jacobi-1d_MEDIUM_clk15_log.txt
jacobi-1d,MEDIUM,5,kernel_jacobi_1d,50,8.881784197001252,200.00000000000003,66,189,239,1379,5648,339,5987,46,0,jacobi-1d_MEDIUM_clk5_log.txt
jacobi-1d,MEDIUM,default,kernel_jacobi_1d,117,0.03639999699999841,100.3653297702541,115,189,0,1122,5648,339,5987,38,0,jacobi-1d_MEDIUM_log.txt
jacobi-1d,MINI,10,kernel_jacobi_1d,117,0.03639999699999841,100.3653297702541,115,189,0,1122,5648,339,5987,38,0,jacobi-1d_MINI_clk10_log.txt
jacobi-1d,MINI,15,kernel_jacobi_1d,99,0.049472642666623656,66.887272676003,97,189,0,1122,5648,339,5987,38,0,jacobi-1d_MINI_clk15_log.txt
jacobi-1d,MINI,5,kernel_jacobi_1d,50,8.881784197001252,200.00000000000003,66,189,239,1379,5648,339,5987,46,0,jacobi-1d_MINI_clk5_log.txt
jacobi-1d,MINI,default,kernel_jacobi_1d,117,0.03639999699999841,100.3653297702541,115,189,0,1122,5648,339,5987,38,0,jacobi-1d_MINI_log.txt
jacobi-1d,SMALL,10,kernel_jacobi_1d,117,0.03639999699999841,100.3653297702541,115,189,0,1122,5648,339,5987,38,0,jacobi-1d_SMALL_clk10_log.txt
jacobi-1d,SMALL,15,kernel_jacobi_1d,99,0.049472642666623656,66.887272676003,97,189,0,1122,5648,339,5987,38,0,jacobi-1d_SMALL_clk15_log.txt
jacobi-1d,SMALL,5,kernel_jacobi_1d,50,8.881784197001252,200.00000000000003,66,189,239,1379,5648,339,5987,46,0,jacobi-1d_SMALL_clk5_log.txt
jacobi-1d,SMALL,default,kernel_jacobi_1d,117,0.03639999699999841,100.3653297702541,115,189,0,1122,5648,339,5987,38,0,jacobi-1d_SMALL_log.txt
jacobi-2d,LARGE,10,kernel_jacobi_2d,70,0.03639999699999841,100.3653297702541,68,213,14,1659,5899,240,6139,56,0,jacobi-2d_LARGE_clk10_log.txt
jacobi-2d,LARGE,15,kernel_jacobi_2d,58,0.049472642666623656,66.887272676003,56,213,2,1531,5899,240,6139,52,0,jacobi-2d_LARGE_clk15_log.txt
jacobi-2d,LARGE,5,kernel_jacobi_2d,35,7.993605777301127,200.0000000000003,43,213,241,2162,5899,241,6140,74,0,jacobi-2d_LARGE_clk5_log.txt
jacobi-2d,LARGE,default,kernel_jacobi_2d,70,0.03639999699999841,100.3653297702541,68,213,14,1659,5899,240,6139,56,0,jacobi-2d_LARGE_log.txt
jacobi-2d,DEFAULT,default,kernel_jacobi_2d,70,0.03639999699999841,100.3653297702541,68,213,14,1659,5899,240,6139,56,0,jacobi-2d_log.txt
jacobi-2d,MEDIUM,10,kernel_jacobi_2d,70,0.03639999699999841,100.3653297702541,68,183,12,1689,5875,240,6115,56,0,jacobi-2d_MEDIUM_clk10_log.txt
jacobi-2d,MEDIUM,15,kernel_jacobi_2d,58,0.049472642666623656,66.887272676003,56,183,2,1561,5875,240,6115,52,0,jacobi-2d_MEDIUM_clk15_log.txt
jacobi-2d,MEDIUM,5,kernel_jacobi_2d,35,7.993605777301127,200.0000000000003,43,183,198,2190,5875,241,6116,72,0,jacobi-2d_MEDIUM_clk5_log.txt
jacobi-2d,MEDIUM,default,kernel_jacobi_2d,70,0.03639999699999841,100.3653297702541,68,183,12,1689,5875,240,6115,56,0,jacobi-2d_MEDIUM_log.txt
jacobi-2d,MINI,10,kernel_jacobi_2d,68,0.03639999699999841,100.3653297702541,66,141,22,1421,5641,240,5881,40,0,jacobi-2d_MINI_clk10_log.txt
jacobi-2d,MINI,15,kernel_jacobi_2d,58,0.049472642666623656,66.887272676003,56,141,0,1421,5641,240,5881,40,0,jacobi-2d_MINI_clk15_log.txt
jacobi-2d,MINI,5,kernel_jacobi_2d,33,8.881784197001252,200.00000000000003,41,141,157,1742,5641,241,5882,50,0,jacobi-2d_MINI_clk5_log.txt
jacobi-2d,MINI,default,kernel_jacobi_2d,68,0.03639999699999841,100.3653297702541,66,141,22,1421,5641,240,5881,40,0,jacobi-2d_MINI_log.txt
jacobi-2d,SMALL,10,kernel_jacobi_2d,70,0.03639999699999841,100.3653297702541,68,183,12,1699,5875,240,6115,52,0,jacobi-2d_SMALL_clk10_log.txt
jacobi-2d,SMALL,15,kernel_jacobi_2d,58,0.049472642666623656,66.887272676003,56,183,2,1571,5875,240,6115,48,0,jacobi-2d_SMALL_clk15_log.txt
jacobi-2d,SMALL,5,kernel_jacobi_2d,35,7.993605777301127,200.0000000000003,43,183,181,2204,5875,241,6116,68,0,jacobi-2d_SMALL_clk5_log.txt
jacobi-2d,SMALL,default,kernel_jacobi_2d,70,0.03639999699999841,100.3653297702541,68,183,12,1699,5875,240,6115,52,0,jacobi-2d_SMALL_log.txt
mvt,LARGE,10,kernel_mvt,93,0.03639999699999841,100.3653297702541,91,199,84,1199,5699,309,6008,36,0,mvt_LARGE_clk10_log.txt
mvt,LARGE,15,kernel_mvt,71,0.049472642666623656,66.887272676003,69,200,25,1007,5733,240,5973,31,0,mvt_LARGE_clk15_log.txt
mvt,LARGE,5,kernel_mvt,52,8.881784197001252,200.00000000000003,62,200,215,1563,5733,344,6077,52,0,mvt_LARGE_clk5_log.txt
mvt,LARGE,default,kernel_mvt,93,0.03639999699999841,100.3653297702541,91,199,84,1199,5699,309,6008,36,0,mvt_LARGE_log.txt
mvt,DEFAULT,default,kernel_mvt,93,0.03639999699999841,100.3653297702541,91,199,84,1199,5699,309,6008,36,0,mvt_log.txt
mvt,MEDIUM,10,kernel_mvt,93,0.03639999699999841,100.3653297702541,91,216,96,1198,5742,309,6051,36,0,mvt_MEDIUM_clk10_log.txt
mvt,MEDIUM,15,kernel_mvt,71,0.049472642666623656,66.887272676003,69,217,26,1006,5776,240,6016,31,0,mvt_MEDIUM_clk15_log.txt
mvt,MEDIUM,5,kernel_mvt,52,8.881784197001252,200.00000000000003,62,217,264,1562,5776,344,6120,52,0,mvt_MEDIUM_clk5_log.txt
mvt,MEDIUM,default,kernel_mvt,93,0.03639999699999841,100.3653297702541,91,216,96,1198,5742,309,6051,36,0,mvt_MEDIUM_log.txt
mvt,MINI,10,kernel_mvt,91,0.03639999699999841,100.3653297702541,89,182,56,1055,5551,340,5891,31,0,mvt_MINI_clk10_log.txt
mvt,MINI,15,kernel_mvt,71,0.049472642666623656,66.887272676003,69,181,0,991,5517,240,5757,29,0,mvt_MINI_clk15_log.txt
mvt,MINI,5,kernel_mvt,50,8.881784197001252,200.00000000000003,60,182,179,1344,5551,342,5893,41,0,mvt_MINI_clk5_log.txt
mvt,MINI,default,kernel_mvt,91,0.03639999699999841,100.3653297702541,89,182,56,1055,5551,340,5891,31,0,mvt_MINI_log.txt
mvt,SMALL,10,kernel_mvt,91,0.03639999699999841,100.3653297702541,89,164,48,1055,5537,340,5877,31,0,mvt_SMALL_clk10_log.txt
mvt,SMALL,15,kernel_mvt,71,0.049472642666623656,66.887272676003,69,163,0,991,5503,240,5743,29,0,mvt_SMALL_clk15_log.txt
mvt,SMALL,5,kernel_mvt,50,8.881784197001252,200.00000000000003,60,164,162,1344,5537,342,5879,41,0,mvt_SMALL_clk5_log.txt
mvt,SMALL,default,kernel_mvt,91,0.03639999699999841,100.3653297702541,89,164,48,1055,5537,340,5877,31,0,mvt_SMALL_log.txt
nussinov,LARGE,10,kernel_nussinov,36,0.12859998700020903,101.30275327543058,34,249,121,1708,2123,208,2331,68,0,nussinov_LARGE_clk10_log.txt
nussinov,LARGE,15,kernel_nussinov,35,1.117999987000312,72.0357296544848,33,248,39,1643,2089,208,2297,65,0,nussinov_LARGE_clk15_log.txt
nussinov,LARGE,5,kernel_nussinov,53,0.14839999500007028,206.11756924920164,51,248,368,2309,2089,210,2299,95,0,nussinov_LARGE_clk5_log.txt
nussinov,LARGE,default,kernel_nussinov,36,0.12859998700020903,101.30275327543058,34,249,121,1708,2123,208,2331,68,0,nussinov_LARGE_log.txt
nussinov,DEFAULT,default,kernel_nussinov,36,0.12859998700020903,101.30275327543058,34,249,121,1708,2123,208,2331,68,0,nussinov_log.txt
nussinov,MEDIUM,10,kernel_nussinov,36,0.6331999910001489,106.76004601776225,34,199,40,1572,1750,208,1958,61,0,nussinov_MEDIUM_clk10_log.txt
nussinov,MEDIUM,15,kernel_nussinov,35,3.3755999910002377,86.02594535853781,33,199,8,1539,1750,208,1958,59,0,nussinov_MEDIUM_clk15_log.txt
nussinov,MEDIUM,5,kernel_nussinov,52,0.14839999500007028,206.11756924920164,50,199,143,2145,1750,207,1957,84,0,nussinov_MEDIUM_clk5_log.txt
nussinov,MEDIUM,default,kernel_nussinov,36,0.6331999910001489,106.76004601776225,34,199,40,1572,1750,208,1958,61,0,nussinov_MEDIUM_log.txt
nussinov,MINI,10,kernel_nussinov,36,0.6331999950001066,106.7600460633526,34,164,11,1444,1555,210,1765,53,0,nussinov_MINI_clk10_log.txt
nussinov,MINI,15,kernel_nussinov,34,5.392511995000044,104.08547993810423,32,164,0,1379,1555,210,1765,50,0,nussinov_MINI_clk15_log.txt
nussinov,MINI,5,kernel_nussinov,49,0.1483999960000597,206.11756929168564,47,164,112,1869,1555,210,1765,69,0,nussinov_MINI_clk5_log.txt
nussinov,MINI,default,kernel_nussinov,36,0.6331999950001066,106.7600460633526,34,164,11,1444,1555,210,1765,53,0,nussinov_MINI_log.txt
nussinov,SMALL,10,kernel_nussinov,36,0.6331999910001489,106.76004601776225,34,199,36,1607,1750,208,1958,60,0,nussinov_SMALL_clk10_log.txt
nussinov,SMALL,15,kernel_nussinov,35,3.3755999910002377,86.02594535853781,33,199,10,1574,1750,208,1958,58,0,nussinov_SMALL_clk15_log.txt
nussinov,SMALL,5,kernel_nussinov,52,0.14839999500007028,206.11756924920164,50,199,160,2128,1750,207,1957,81,0,nussinov_SMALL_clk5_log.txt
nussinov,SMALL,default,kernel_nussinov,36,0.6331999910001489,106.76004601776225,34,199,36,1607,1750,208,1958,60,0,nussinov_SMALL_log.txt
seidel-2d,LARGE,10,kernel_seidel_2d,55,8.881784197001252,100.00000000000009,55,98,8,1145,4801,239,5040,28,0,seidel-2d_LARGE_clk10_log.txt
seidel-2d,LARGE,15,kernel_seidel_2d,46,8.881784197001252,66.6666666666667,46,98,0,1145,4801,239,5040,28,0,seidel-2d_LARGE_clk15_log.txt
seidel-2d,LARGE,5,kernel_seidel_2d,27,8.881784197001252,200.00000000000003,35,98,30,1404,4801,240,5041,40,0,seidel-2d_LARGE_clk5_log.txt
seidel-2d,LARGE,default,kernel_seidel_2d,55,8.881784197001252,100.00000000000009,55,98,8,1145,4801,239,5040,28,0,seidel-2d_LARGE_log.txt
seidel-2d,DEFAULT,default,kernel_seidel_2d,55,8.881784197001252,100.00000000000009,55,98,8,1145,4801,239,5040,28,0,seidel-2d_log.txt
seidel-2d,MEDIUM,10,kernel_seidel_2d,55,8.881784197001252,100.00000000000009,55,113,16,1145,4813,239,5052,28,0,seidel-2d_MEDIUM_clk10_log.txt
seidel-2d,MEDIUM,15,kernel_seidel_2d,46,8.881784197001252,66.6666666666667,46,113,0,1145,4813,239,5052,28,0,seidel-2d_MEDIUM_clk15_log.txt
seidel-2d,MEDIUM,5,kernel_seidel_2d,27,8.881784197001252,200.00000000000003,35,113,63,1403,4813,240,5053,41,0,seidel-2d_MEDIUM_clk5_log.txt
seidel-2d,MEDIUM,default,kernel_seidel_2d,55,8.881784197001252,100.00000000000009,55,113,16,1145,4813,239,5052,28,0,seidel-2d_MEDIUM_log.txt
seidel-2d,MINI,10,kernel_seidel_2d,54,8.881784197001252,100.00000000000009,54,92,10,1146,4696,239,4935,28,0,seidel-2d_MINI_clk10_log.txt
seidel-2d,MINI,15,kernel_seidel_2d,46,8.881784197001252,66.6666666666667,46,92,0,1146,4696,239,4935,28,0,seidel-2d_MINI_clk15_log.txt
seidel-2d,MINI,5,kernel_seidel_2d,26,8.881784197001252,200.00000000000003,34,92,27,1333,4696,240,4936,35,0,seidel-2d_MINI_clk5_log.txt
seidel-2d,MINI,default,kernel_seidel_2d,54,8.881784197001252,100.00000000000009,54,92,10,1146,4696,239,4935,28,0,seidel-2d_MINI_log.txt
seidel-2d,SMALL,10,kernel_seidel_2d,54,8.881784197001252,100.00000000000009,54,77,10,1146,4684,239,4923,28,0,seidel-2d_SMALL_clk10_log.txt
seidel-2d,SMALL,15,kernel_seidel_2d,46,8.881784197001252,66.6666666666667,46,77,0,1146,4684,239,4923,28,0,seidel-2d_SMALL_clk15_log.txt
seidel-2d,SMALL,5,kernel_seidel_2d,26,8.881784197001252,200.00000000000003,34,77,20,1333,4684,240,4924,34,0,seidel-2d_SMALL_clk5_log.txt
seidel-2d,SMALL,default,kernel_seidel_2d,54,8.881784197001252,100.00000000000009,54,77,10,1146,4684,239,4923,28,0,seidel-2d_SMALL_log.txt
symm,LARGE,10,kernel_symm,71,0.03639999699999841,100.3653297702541,69,181,15,1580,6013,213,6226,44,0,symm_LARGE_clk10_log.txt
symm,LARGE,15,kernel_symm,53,0.049472642666623656,66.887272676003,51,181,0,1580,6013,213,6226,44,0,symm_LARGE_clk15_log.txt
symm,LARGE,5,kernel_symm,33,7.993605777301127,200.0000000000003,42,181,82,1766,6013,247,6260,49,0,symm_LARGE_clk5_log.txt
symm,LARGE,default,kernel_symm,71,0.03639999699999841,100.3653297702541,69,181,15,1580,6013,213,6226,44,0,symm_LARGE_log.txt
symm,DEFAULT,default,kernel_symm,71,0.03639999699999841,100.3653297702541,69,181,15,1580,6013,213,6226,44,0,symm_log.txt
symm,MEDIUM,10,kernel_symm,70,0.03639999699999841,100.3653297702541,68,157,1,1333,5728,246,5974,35,0,symm_MEDIUM_clk10_log.txt
symm,MEDIUM,15,kernel_symm,52,0.049472642666623656,66.887272676003,50,157,0,1333,5728,246,5974,35,0,symm_MEDIUM_clk15_log.txt
symm,MEDIUM,5,kernel_symm,32,8.881784197001252,200.00000000000003,41,157,28,1526,5728,216,5944,40,0,symm_MEDIUM_clk5_log.txt
symm,MEDIUM,default,kernel_symm,70,0.03639999699999841,100.3653297702541,68,157,1,1333,5728,246,5974,35,0,symm_MEDIUM_log.txt
symm,MINI,10,kernel_symm,70,0.03639999699999841,100.3653297702541,68,150,0,1316,5689,246,5935,33,0,symm_MINI_clk10_log.txt
symm,MINI,15,kernel_symm,52,0.049472642666623656,66.887272676003,50,150,0,1316,5689,246,5935,33,0,symm_MINI_clk15_log.txt
symm,MINI,5,kernel_symm,31,8.881784197001252,200.00000000000003,40,150,31,1509,5689,216,5905,38,0,symm_MINI_clk5_log.txt
symm,MINI,default,kernel_symm,70,0.03639999699999841,100.3653297702541,68,150,0,1316,5689,246,5935,33,0,symm_MINI_log.txt
symm,SMALL,10,kernel_symm,70,0.03639999699999841,100.3653297702541,68,155,0,1316,5693,246,5939,33,0,symm_SMALL_clk10_log.txt
symm,SMALL,15,kernel_symm,52,0.049472642666623656,66.887272676003,50,155,0,1316,5693,246,5939,33,0,symm_SMALL_clk15_log.txt
symm,SMALL,5,kernel_symm,31,8.881784197001252,200.00000000000003,40,155,36,1509,5693,216,5909,38,0,symm_SMALL_clk5_log.txt
symm,SMALL,default,kernel_symm,70,0.03639999699999841,100.3653297702541,68,155,0,1316,5693,246,5939,33,0,symm_SMALL_log.txt
syr2k,LARGE,10,kernel_syr2k,77,0.03639999699999841,100.3653297702541,75,252,27,1666,6193,345,6538,51,0,syr2k_LARGE_clk10_log.txt
syr2k,LARGE,15,kernel_syr2k,57,0.049472642666623656,66.887272676003,55,251,4,1666,6159,345,6504,51,0,syr2k_LARGE_clk15_log.txt
syr2k,LARGE,5,kernel_syr2k,37,8.881784197001252,200.00000000000003,46,252,160,1821,6193,347,6540,56,0,syr2k_LARGE_clk5_log.txt
syr2k,LARGE,default,kernel_syr2k,77,0.03639999699999841,100.3653297702541,75,252,27,1666,6193,345,6538,51,0,syr2k_LARGE_log.txt
syr2k,DEFAULT,default,kernel_syr2k,77,0.03639999699999841,100.3653297702541,75,252,27,1666,6193,345,6538,51,0,syr2k_log.txt
syr2k,MEDIUM,10,kernel_syr2k,77,0.03639999699999841,100.3653297702541,75,248,17,1527,6057,345,6402,46,0,syr2k_MEDIUM_clk10_log.txt
syr2k,MEDIUM,15,kernel_syr2k,57,0.049472642666623656,66.887272676003,55,248,0,1527,6057,345,6402,46,0,syr2k_MEDIUM_clk15_log.txt
syr2k,MEDIUM,5,kernel_syr2k,37,8.881784197001252,200.00000000000003,46,248,83,1682,6057,347,6404,51,0,syr2k_MEDIUM_clk5_log.txt
syr2k,MEDIUM,default,kernel_syr2k,77,0.03639999699999841,100.3653297702541,75,248,17,1527,6057,345,6402,46,0,syr2k_MEDIUM_log.txt
syr2k,MINI,10,kernel_syr2k,77,0.03639999699999841,100.3653297702541,75,234,6,1478,5979,345,6324,43,0,syr2k_MINI_clk10_log.txt
syr2k,MINI,15,kernel_syr2k,57,0.049472642666623656,66.887272676003,55,234,0,1478,5979,345,6324,43,0,syr2k_MINI_clk15_log.txt
syr2k,MINI,5,kernel_syr2k,37,8.881784197001252,200.00000000000003,46,234,52,1671,5979,347,6326,48,0,syr2k_MINI_clk5_log.txt
syr2k,MINI,default,kernel_syr2k,77,0.03639999699999841,100.3653297702541,75,234,6,1478,5979,345,6324,43,0,syr2k_MINI_log.txt
syr2k,SMALL,10,kernel_syr2k,77,0.03639999699999841,100.3653297702541,75,229,6,1478,5975,345,6320,43,0,syr2k_SMALL_clk10_log.txt
syr2k,SMALL,15,kernel_syr2k,57,0.049472642666623656,66.887272676003,55,229,0,1478,5975,345,6320,43,0,syr2k_SMALL_clk15_log.txt
syr2k,SMALL,5,kernel_syr2k,37,8.881784197001252,200.00000000000003,46,229,34,1671,5975,347,6322,48,0,syr2k_SMALL_clk5_log.txt
syr2k,SMALL,default,kernel_syr2k,77,0.03639999699999841,100.3653297702541,75,229,6,1478,5975,345,6320,43,0,syr2k_SMALL_log.txt
syrk,LARGE,10,kernel_syrk,98,0.03639999699999841,100.3653297702541,96,324,44,1594,6409,410,6819,55,0,syrk_LARGE_clk10_log.txt
syrk,LARGE,15,kernel_syrk,73,0.049472642666623656,66.887272676003,71,323,5,1562,6375,378,6753,54,0,syrk_LARGE_clk15_log.txt
syrk,LARGE,5,kernel_syrk,47,8.881784197001252,200.00000000000003,59,324,247,1743,6409,411,6820,62,0,syrk_LARGE_clk5_log.txt
syrk,LARGE,default,kernel_syrk,98,0.03639999699999841,100.3653297702541,96,324,44,1594,6409,410,6819,55,0,syrk_LARGE_log.txt
syrk,DEFAULT,default,kernel_syrk,98,0.03639999699999841,100.3653297702541,96,324,44,1594,6409,410,6819,55,0,syrk_log.txt
syrk,MEDIUM,10,kernel_syrk,98,0.03639999699999841,100.3653297702541,96,332,27,1510,6345,410,6755,52,0,syrk_MEDIUM_clk10_log.txt
syrk,MEDIUM,15,kernel_syrk,73,0.049472642666623656,66.887272676003,71,332,0,1510,6345,410,6755,52,0,syrk_MEDIUM_clk15_log.txt
syrk,MEDIUM,5,kernel_syrk,47,8.881784197001252,200.00000000000003,59,332,171,1659,6345,411,6756,59,0,syrk_MEDIUM_clk5_log.txt
syrk,MEDIUM,default,kernel_syrk,98,0.03639999699999841,100.3653297702541,96,332,27,1510,6345,410,6755,52,0,syrk_MEDIUM_log.txt
syrk,MINI,10,kernel_syrk,98,0.03639999699999841,100.3653297702541,96,301,6,1445,6156,410,6566,47,0,syrk_MINI_clk10_log.txt
syrk,MINI,15,kernel_syrk,73,0.049472642666623656,66.887272676003,71,301,0,1413,6156,378,6534,46,0,syrk_MINI_clk15_log.txt
syrk,MINI,5,kernel_syrk,46,8.881784197001252,200.00000000000003,58,301,110,1574,6156,411,6567,51,0,syrk_MINI_clk5_log.txt
syrk,MINI,default,kernel_syrk,98,0.03639999699999841,100.3653297702541,96,301,6,1445,6156,410,6566,47,0,syrk_MINI_log.txt
syrk,SMALL,10,kernel_syrk,98,0.03639999699999841,100.3653297702541,96,288,6,1445,6146,410,6556,47,0,syrk_SMALL_clk10_log.txt
syrk,SMALL,15,kernel_syrk,73,0.049472642666623656,66.887272676003,71,288,0,1413,6146,378,6524,46,0,syrk_SMALL_clk15_log.txt
syrk,SMALL,5,kernel_syrk,46,8.881784197001252,200.00000000000003,58,288,78,1574,6146,411,6557,51,0,syrk_SMALL_clk5_log.txt
syrk,SMALL,default,kernel_syrk,98,0.03639999699999841,100.3653297702541,96,288,6,1445,6146,410,6556,47,0,syrk_SMALL_log.txt
trmm,LARGE,10,kernel_trmm,58,0.03639999699999841,100.3653297702541,56,239,64,1355,6320,209,6529,44,0,trmm_LARGE_clk10_log.txt
trmm,LARGE,15,kernel_trmm,45,0.049472642666623656,66.887272676003,43,239,51,1227,6320,241,6561,40,0,trmm_LARGE_clk15_log.txt
trmm,LARGE,5,kernel_trmm,34,7.993605777301127,200.0000000000003,39,239,235,1536,6320,245,6565,54,0,trmm_LARGE_clk5_log.txt
trmm,LARGE,default,kernel_trmm,58,0.03639999699999841,100.3653297702541,56,239,64,1355,6320,209,6529,44,0,trmm_LARGE_log.txt
trmm,DEFAULT,default,kernel_trmm,58,0.03639999699999841,100.3653297702541,56,239,64,1355,6320,209,6529,44,0,trmm_log.txt
trmm,MEDIUM,10,kernel_trmm,57,0.03639999699999841,100.3653297702541,55,228,56,1287,6178,241,6419,42,0,trmm_MEDIUM_clk10_log.txt
trmm,MEDIUM,15,kernel_trmm,45,0.049472642666623656,66.887272676003,43,228,23,1191,6178,241,6419,39,0,trmm_MEDIUM_clk15_log.txt
trmm,MEDIUM,5,kernel_trmm,34,7.993605777301127,200.0000000000003,39,228,159,1475,6178,245,6423,53,0,trmm_MEDIUM_clk5_log.txt
trmm,MEDIUM,default,kernel_trmm,57,0.03639999699999841,100.3653297702541,55,228,56,1287,6178,241,6419,42,0,trmm_MEDIUM_log.txt
trmm,MINI,10,kernel_trmm,57,0.03639999699999841,100.3653297702541,55,208,19,1239,6062,241,6303,39,0,trmm_MINI_clk10_log.txt
trmm,MINI,15,kernel_trmm,45,0.049472642666623656,66.887272676003,43,208,2,1175,6062,241,6303,37,0,trmm_MINI_clk15_log.txt
trmm,MINI,5,kernel_trmm,34,7.993605777301127,200.0000000000003,39,208,96,1423,6062,245,6307,47,0,trmm_MINI_clk5_log.txt
trmm,MINI,default,kernel_trmm,57,0.03639999699999841,100.3653297702541,55,208,19,1239,6062,241,6303,39,0,trmm_MINI_log.txt
trmm,SMALL,10,kernel_trmm,57,0.03639999699999841,100.3653297702541,55,213,19,1234,6066,241,6307,39,0,trmm_SMALL_clk10_log.txt
trmm,SMALL,15,kernel_trmm,45,0.049472642666623656,66.887272676003,43,213,2,1170,6066,241,6307,37,0,trmm_SMALL_clk15_log.txt
trmm,SMALL,5,kernel_trmm,34,7.993605777301127,200.0000000000003,39,213,101,1415,6066,245,6311,47,0,trmm_SMALL_clk5_log.txt
trmm,SMALL,default,kernel_trmm,57,0.03639999699999841,100.3653297702541,55,213,19,1234,6066,241,6307,39,0,trmm_SMALL_log.txt
